,match_time_bm,away_player,home_player,odds_away_bm,odds_home_bm,spread_away_bm,spread_home_bm,away_decimal_odds_bm,home_decimal_odds_bm,match_time_bto,odds_away_bto,odds_home_bto,spread_away_bto,spread_home_bto,away_decimal_odds_bto,home_decimal_odds_bto,away_decimal_odds_pin,home_decimal_odds_pin,best_book_away,best_away,best_book_home,best_home,cum_prob,cum_prob_spread,best_spread_away,best_spread_home,best_book_away_spread,best_book_home_spread,log_time,tournament_flg
740950,06/0303:00,jon rahm,rory mcilroy,-173.0,137.0,-1.5-137,+1.5+107,1.5780346820809248,2.37,2021-06-03T11:00:01Z,-170.0,141.0,-122.0,-108.0,1.5882352941176472,2.41,1.5714285714285714,2.49,BTO,1.5882352941176472,PIN,2.49,1.0312360553324407,1.032641336989163,1.819672131147541,2.0700000000000003,BTO,BM,2021-06-01 22:02:35.162184,tournament
740951,06/0303:00,jon rahm,jordan spieth,-162.0,129.0,-1.5-130,+1.5+100,1.617283950617284,2.29,2021-06-03T11:00:01Z,-139.0,116.0,-105.0,-125.0,1.7194244604316546,2.16,1.7194244604316546,2.19,PIN,1.7194244604316546,BM,2.29,1.0182711808664195,1.0121951219512195,1.9523809523809523,2.0,BTO,BM,2021-06-01 22:02:35.162184,tournament
740952,06/0303:00,jordan spieth,collin morikawa,-108.0,-122.0,+1.5-138,-1.5+108,1.925925925925926,1.819672131147541,2021-06-03T11:00:01Z,-110.0,-110.0,121.0,-155.0,1.9090909090909092,1.9090909090909092,,,BM,1.925925925925926,BTO,1.9090909090909092,1.0430402930402929,,2.21,2.08,BTO,BM,2021-06-01 22:02:35.162184,tournament
740953,06/0303:00,rory mcilroy,bryson dechambeau,-119.0,-111.0,-1.5+111,+1.5-141,1.8403361344537816,1.900900900900901,2021-06-03T11:00:01Z,-105.0,-115.0,-150.0,117.0,1.9523809523809523,1.8695652173913042,2.0,1.8547008547008548,PIN,2.0,BM,1.900900900900901,1.0260663507109005,,2.1100000000000003,2.17,BM,BTO,2021-06-01 22:02:35.162184,tournament
740954,06/0303:00,bryson dechambeau,justin thomas,-105.0,-125.0,+1.5-135,-1.5+105,1.9523809523809523,1.8,2021-06-03T11:00:01Z,121.0,-145.0,-120.0,-110.0,2.21,1.6896551724137931,2.0700000000000003,1.8,BTO,2.21,PIN,1.8,1.008044243338361,1.033259423503326,1.8333333333333335,2.05,BTO,BM,2021-06-01 22:02:35.162184,tournament
740955,06/0303:00,viktor hovland,collin morikawa,-109.0,-121.0,+1.5-139,-1.5+109,1.9174311926605505,1.8264462809917354,2021-06-03T11:00:01Z,-110.0,-110.0,121.0,-155.0,1.9090909090909092,1.9090909090909092,,,BM,1.9174311926605505,BTO,1.9090909090909092,1.0453406242879928,,2.21,2.09,BTO,BM,2021-06-01 22:02:35.162184,tournament
740956,06/0303:00,collin morikawa,xander schauffele,-118.0,-112.0,-1.5+112,+1.5-142,1.847457627118644,1.8928571428571428,2021-06-03T11:00:01Z,-120.0,100.0,113.0,-145.0,1.8333333333333335,2.0,1.9090909090909092,1.9433962264150944,PIN,1.9090909090909092,BTO,2.0,1.0238095238095237,1.0562604275792498,2.13,1.704225352112676,BTO,BM,2021-06-01 22:02:35.162184,tournament
740957,06/0303:00,patrick cantlay,hideki matsuyama,-124.0,-106.0,-1.5+106,+1.5-136,1.8064516129032258,1.9433962264150944,2021-06-03T11:00:01Z,-129.0,108.0,104.0,-135.0,1.7751937984496124,2.08,1.7575757575757576,2.13,BM,1.8064516129032258,PIN,2.13,1.0230549966465459,1.0599049783102665,2.06,1.7407407407407407,BM,BTO,2021-06-01 22:02:35.162184,tournament
740958,06/0303:00,patrick cantlay,xander schauffele,-105.0,-125.0,+1.5-135,-1.5+105,1.9523809523809523,1.8,2021-06-03T11:00:01Z,100.0,-120.0,-145.0,113.0,2.0,1.8333333333333335,2.01,1.847457627118644,PIN,2.01,PIN,1.847457627118644,1.03879684148067,1.0439516531815003,1.7407407407407407,2.13,BM,BTO,2021-06-01 22:02:35.162184,tournament
740959,06/0303:00,patrick reed,tony finau,-107.0,-123.0,+1.5-137,-1.5+107,1.9345794392523366,1.8130081300813008,2021-06-03T11:00:01Z,107.0,-128.0,-135.0,104.0,2.0700000000000003,1.78125,,,BTO,2.0700000000000003,BM,1.8130081300813008,1.0346612941660709,1.0575598725459965,1.7407407407407407,2.0700000000000003,BTO,BM,2021-06-01 22:02:35.162184,tournament
740960,06/0303:00,matthew fitzpatrick,louis oosthuizen,-137.0,107.0,-1.5-107,+1.5-123,1.72992700729927,2.0700000000000003,2021-06-03T11:00:01Z,-132.0,110.0,-101.0,-130.0,1.7575757575757576,2.1,,,BTO,1.7575757575757576,BTO,2.1,1.0451559934318555,1.0540570689155122,1.99009900990099,1.8130081300813008,BTO,BM,2021-06-01 22:02:35.162184,tournament
740961,06/0303:00,corey conners,scottie scheffler,-138.0,108.0,-1.5-108,+1.5-122,1.7246376811594204,2.08,2021-06-03T11:00:01Z,-127.0,106.0,108.0,-140.0,1.7874015748031495,2.06,,,BTO,1.7874015748031495,BM,2.08,1.0402405964079973,1.03031878031878,2.08,1.819672131147541,BTO,BM,2021-06-01 22:02:35.162184,tournament
740962,06/0303:00,shane lowry,cameron smith,-128.0,-102.0,-1.5+102,+1.5-132,1.78125,1.9803921568627452,2021-06-03T11:00:01Z,-105.0,-115.0,-150.0,117.0,1.9523809523809523,1.8695652173913042,,,BTO,1.9523809523809523,BM,1.9803921568627452,1.0171456170007245,,2.02,2.17,BM,BTO,2021-06-01 22:02:35.162184,tournament
740963,06/0303:00,sungjae im,joaquin niemann,-101.0,-129.0,+1.5-131,-1.5+101,1.99009900990099,1.7751937984496124,2021-06-03T11:00:01Z,108.0,-129.0,-135.0,104.0,2.08,1.7751937984496124,,,BTO,2.08,BM,1.7751937984496124,1.0440880080618071,1.0572956455309397,1.7633587786259541,2.04,BM,BTO,2021-06-01 22:02:35.162184,tournament
740964,06/0303:00,charley hoffman,kevin streelman,106.0,-136.0,+1.5-124,-1.5-106,2.06,1.7352941176470589,2021-06-03T11:00:01Z,-108.0,-112.0,125.0,-160.0,1.925925925925926,1.8928571428571428,,,BM,2.06,BTO,1.8928571428571428,1.0137387799963364,,2.25,1.9433962264150944,BTO,BM,2021-06-01 22:02:35.162184,tournament
740965,06/0303:00,marc leishman,keegan bradley,154.0,-195.0,+1.5+124,-1.5-155,2.54,1.5128205128205128,2021-06-03T11:00:01Z,141.0,-170.0,-105.0,-125.0,2.41,1.5882352941176472,,,BM,2.54,BTO,1.5882352941176472,1.0233304170312043,1.001984126984127,2.24,1.8,BM,BTO,2021-06-01 22:02:35.162184,tournament
740966,06/0303:00,gary woodland,rickie fowler,-128.0,-102.0,-1.5+102,+1.5-132,1.78125,1.9803921568627452,2021-06-03T11:00:01Z,-132.0,110.0,104.0,-135.0,1.7575757575757576,2.1,,,BM,1.78125,BTO,2.1,1.037593984962406,1.0591615956727518,2.04,1.7575757575757576,BTO,BM,2021-06-01 22:02:35.162184,tournament
740967,06/0303:00,billy horschel,emiliano grillo,-127.0,-103.0,-1.5+103,+1.5-133,1.7874015748031495,1.970873786407767,2021-06-03T11:00:01Z,-110.0,-110.0,121.0,-155.0,1.9090909090909092,1.9090909090909092,,,BTO,1.9090909090909092,BM,1.970873786407767,1.0311986863711002,1.0233041384265822,2.21,1.7518796992481203,BTO,BM,2021-06-01 22:02:35.162184,tournament
740968,06/0303:00,jason day,adam scott,-153.0,122.0,-1.5-121,+1.5-109,1.65359477124183,2.2199999999999998,2021-06-03T11:00:01Z,-142.0,118.0,-108.0,-122.0,1.704225352112676,2.1799999999999997,,,BTO,1.704225352112676,BM,2.2199999999999998,1.0372273099545828,1.040761869709238,1.925925925925926,1.9174311926605505,BTO,BM,2021-06-01 22:02:35.162184,tournament
740969,06/0303:00,bubba watson,charl schwartzel,-110.0,-120.0,+1.5-140,-1.5+110,1.9090909090909092,1.8333333333333335,2021-06-03T11:00:01Z,-115.0,-105.0,117.0,-150.0,1.8695652173913042,1.9523809523809523,,,BM,1.9090909090909092,BTO,1.9523809523809523,1.0360046457607432,,2.17,2.1,BTO,BM,2021-06-01 22:02:35.162184,tournament
740970,06/0303:00,christiaan bezuidenhout,matt wallace,-109.0,-121.0,+1.5-139,-1.5+109,1.9174311926605505,1.8264462809917354,2021-06-03T11:00:01Z,-110.0,-110.0,121.0,-155.0,1.9090909090909092,1.9090909090909092,,,BM,1.9174311926605505,BTO,1.9090909090909092,1.0453406242879928,,2.21,2.09,BTO,BM,2021-06-01 22:02:35.162184,tournament
740971,,matt jones,cameron tringale,,,,,,,2021-06-03T11:00:01Z,112.0,-134.0,-130.0,-101.0,2.12,1.7462686567164178,,,BTO,2.12,BTO,1.7462686567164178,1.04434768585712,,1.7692307692307692,1.99009900990099,BTO,BTO,2021-06-01 22:02:35.162184,tournament
740972,06/0303:00,stewart cink,matt kuchar,113.0,-143.0,+1.5-117,-1.5-113,2.13,1.6993006993006992,2021-06-03T11:00:01Z,107.0,-128.0,-140.0,108.0,2.0700000000000003,1.78125,,,BM,2.13,BTO,1.78125,1.0308870768470473,1.019939737681673,1.8547008547008548,2.08,BM,BTO,2021-06-01 22:02:35.162184,tournament
740973,06/0303:00,patton kizzire,brendon todd,139.0,-175.0,+1.5+109,-1.5-139,2.3899999999999997,1.5714285714285714,2021-06-03T11:00:01Z,123.0,-148.0,-110.0,-120.0,2.23,1.6756756756756757,,,BM,2.3899999999999997,BTO,1.6756756756756757,1.0151842353893914,1.0239234449760766,2.09,1.8333333333333335,BM,BTO,2021-06-01 22:02:35.162184,tournament
740974,06/0303:00,russell henley,aaron wise,-140.0,110.0,-1.5-110,+1.5-120,1.7142857142857144,2.1,2021-06-03T11:00:01Z,-160.0,133.0,-115.0,-115.0,1.625,2.33,,,BM,1.7142857142857144,BTO,2.33,1.0125178826895564,1.0586932447397563,1.9090909090909092,1.8695652173913042,BM,BTO,2021-06-01 22:02:35.162184,tournament
740975,06/0303:00,max homa,chris kirk,114.0,-144.0,+1.5-116,-1.5-114,2.1399999999999997,1.6944444444444444,2021-06-03T11:00:01Z,109.0,-130.0,-135.0,104.0,2.09,1.7692307692307692,,,BM,2.1399999999999997,BTO,1.7692307692307692,1.0325071109305162,1.0272331154684096,1.8620689655172413,2.04,BM,BTO,2021-06-01 22:02:35.162184,tournament
740976,06/0303:00,sebastian munoz,troy merritt,-129.0,-101.0,-1.5+101,+1.5-131,1.7751937984496124,1.99009900990099,2021-06-03T11:00:01Z,-132.0,110.0,102.0,-133.0,1.7575757575757576,2.1,,,BM,1.7751937984496124,BTO,2.1,1.0395092534830526,1.0621490720500621,2.02,1.7633587786259541,BTO,BM,2021-06-01 22:02:35.162184,tournament
740977,06/0303:00,doug ghim,harold varner iii,-103.0,-127.0,+1.5-133,-1.5+103,1.970873786407767,1.7874015748031495,2021-06-03T11:00:01Z,-110.0,-110.0,121.0,-155.0,1.9090909090909092,1.9090909090909092,,,BM,1.970873786407767,BTO,1.9090909090909092,1.0311986863711002,,2.21,2.0300000000000002,BTO,BM,2021-06-01 22:02:35.162184,tournament
740978,06/0303:00,alex noren,branden grace,-135.0,105.0,-1.5-105,+1.5-125,1.7407407407407407,2.05,2021-06-03T11:00:01Z,-122.0,102.0,113.0,-145.0,1.819672131147541,2.02,,,BTO,1.819672131147541,BM,2.05,1.03735442759833,1.0250391236306728,2.13,1.8,BTO,BM,2021-06-01 22:02:35.162184,tournament
740979,06/0303:00,talor gooch,carlos ortiz,-108.0,-122.0,+1.5-138,-1.5+108,1.925925925925926,1.819672131147541,2021-06-03T11:00:01Z,-110.0,-110.0,121.0,-155.0,1.9090909090909092,1.9090909090909092,,,BM,1.925925925925926,BTO,1.9090909090909092,1.0430402930402929,,2.21,2.08,BTO,BM,2021-06-01 22:02:35.162184,tournament
740980,06/0303:00,sepp straka,henrik norlander,-122.0,-108.0,-1.5+108,+1.5-138,1.819672131147541,1.925925925925926,2021-06-03T11:00:01Z,-125.0,105.0,106.0,-138.0,1.8,2.05,,,BM,1.819672131147541,BTO,2.05,1.03735442759833,1.0606011635423398,2.08,1.7246376811594204,BM,BM,2021-06-01 22:02:35.162184,tournament
740981,,charles howell iii,kyoung-hoon lee,,,,,,,2021-06-03T11:00:01Z,-132.0,110.0,104.0,-135.0,1.7575757575757576,2.1,,,BTO,1.7575757575757576,BTO,2.1,1.0451559934318555,,2.04,1.7407407407407407,BTO,BTO,2021-06-01 22:02:35.162184,tournament
740982,06/0303:00,martin laird,c t pan,-120.0,-110.0,-1.5+110,+1.5-140,1.8333333333333335,1.9090909090909092,2021-06-03T11:00:01Z,-110.0,-110.0,121.0,-155.0,1.9090909090909092,1.9090909090909092,,,BTO,1.9090909090909092,BM,1.9090909090909092,1.0476190476190477,1.0358220211161386,2.21,1.7142857142857144,BTO,BM,2021-06-01 22:02:35.162184,tournament
740983,06/0303:00,harry higgs,doc redman,108.0,-138.0,+1.5-122,-1.5-108,2.08,1.7246376811594204,2021-06-03T11:00:01Z,100.0,-120.0,-145.0,113.0,2.0,1.8333333333333335,,,BM,2.08,BTO,1.8333333333333335,1.0262237762237763,1.0190331176246668,1.819672131147541,2.13,BM,BTO,2021-06-01 22:02:35.162184,tournament
740984,06/0303:00,patrick rodgers,wyndham clark,-111.0,-119.0,+1.5-141,-1.5+111,1.900900900900901,1.8403361344537816,2021-06-03T11:00:01Z,111.0,-133.0,-130.0,-101.0,2.1100000000000003,1.7518796992481203,1.925925925925926,1.8130081300813008,BTO,2.1100000000000003,BM,1.8403361344537816,1.0173126447228893,1.0391510405934474,1.7692307692307692,2.1100000000000003,BTO,BM,2021-06-01 22:02:35.162184,tournament
740985,,jeff winther,julian suri,,,,,,,2021-06-05T05:00:01Z,-136.0,105.0,,,1.7352941176470589,2.05,1.7352941176470589,2.16,PIN,1.7352941176470589,PIN,2.16,1.039234149403641,,,,,,2021-06-01 22:02:35.162184,tournament
740986,,min woo lee,connor syme,,,,,,,2021-06-05T05:00:01Z,-108.0,-122.0,,,1.925925925925926,1.819672131147541,2.05,1.819672131147541,PIN,2.05,PIN,1.819672131147541,1.03735442759833,,,,,,2021-06-01 22:02:35.162184,tournament
740987,,victor dubuisson,mike lorenzo-vera,,,,,,,2021-06-05T05:00:01Z,-118.0,-112.0,,,1.847457627118644,1.8928571428571428,,,BTO,1.847457627118644,BTO,1.8928571428571428,1.0695862904621776,,,,,,2021-06-01 22:02:35.162184,tournament
740988,,richie ramsay,wil besseling,,,,,,,2021-06-05T05:00:01Z,-115.0,-115.0,,,1.8695652173913042,1.8695652173913042,1.925925925925926,1.925925925925926,PIN,1.925925925925926,PIN,1.925925925925926,1.0384615384615383,,,,,,2021-06-01 22:02:35.162184,tournament
740989,,paul casey,abraham ancer,,,,,,,2021-06-05T05:00:01Z,-137.0,105.0,,,1.72992700729927,2.05,1.847457627118644,2.01,PIN,1.847457627118644,BTO,2.05,1.0290892817185053,,,,,,2021-06-01 22:02:35.162184,tournament
740990,,david horsey,matthew southgate,,,,,,,2021-06-05T05:00:01Z,-112.0,-118.0,,,1.8928571428571428,1.847457627118644,1.9615384615384617,1.8928571428571428,PIN,1.9615384615384617,PIN,1.8928571428571428,1.0381058083610801,,,,,,2021-06-01 22:02:35.162184,tournament
740991,,wade ormsby,jacques kruyswijk,,,,,,,2021-06-05T05:00:01Z,104.0,-135.0,,,2.04,1.7407407407407407,2.16,1.7407407407407407,PIN,2.16,PIN,1.7407407407407407,1.037431048069346,,,,,,2021-06-01 22:02:35.162184,tournament
740992,,julien guerrier,maximilian kieffer,,,,,,,2021-06-05T05:00:01Z,-115.0,-115.0,,,1.8695652173913042,1.8695652173913042,1.925925925925926,1.925925925925926,PIN,1.925925925925926,PIN,1.925925925925926,1.0384615384615383,,,,,,2021-06-01 22:02:35.162184,tournament
740993,,marcus armitage,mikko korhonen,,,,,,,2021-06-05T05:00:01Z,-120.0,-110.0,,,1.8333333333333335,1.9090909090909092,1.8620689655172413,1.99009900990099,PIN,1.8620689655172413,PIN,1.99009900990099,1.039524599226092,,,,,,2021-06-01 22:02:35.162184,tournament
740994,,paul casey,bernd wiesberger,,,,,,,2021-06-05T05:00:01Z,-240.0,189.0,,,1.4166666666666667,2.8899999999999997,1.4545454545454546,2.85,PIN,1.4545454545454546,BTO,2.8899999999999997,1.0335207612456747,,,,,,2021-06-01 22:02:35.162184,tournament
740995,,sami valimaki,rasmus hojgaard,,,,,,,2021-06-05T05:00:01Z,-106.0,-124.0,,,1.9433962264150944,1.8064516129032258,2.1399999999999997,1.7518796992481203,PIN,2.1399999999999997,BTO,1.8064516129032258,1.0208611481975969,,,,,,2021-06-01 22:02:35.162184,tournament
740996,,calum hill,alexander bjork,,,,,,,2021-06-05T05:00:01Z,-125.0,-105.0,,,1.8,1.9523809523809523,,,BTO,1.8,BTO,1.9523809523809523,1.067750677506775,,,,,,2021-06-01 22:02:35.162184,tournament
740997,,jordan smith,calum hill,,,,,,,2021-06-05T05:00:01Z,-115.0,-115.0,,,1.8695652173913042,1.8695652173913042,,,BTO,1.8695652173913042,BTO,1.8695652173913042,1.0697674418604652,,,,,,2021-06-01 22:02:35.162184,tournament
740998,,martin kaymer,thorbjorn olesen,,,,,,,2021-06-05T05:00:01Z,-115.0,-115.0,,,1.8695652173913042,1.8695652173913042,1.925925925925926,1.925925925925926,PIN,1.925925925925926,PIN,1.925925925925926,1.0384615384615383,,,,,,2021-06-01 22:02:35.162184,tournament
740999,,sam horsfield,laurie canter,,,,,,,2021-06-05T05:00:01Z,-130.0,-101.0,,,1.7692307692307692,1.99009900990099,1.7692307692307692,2.12,PIN,1.7692307692307692,PIN,2.12,1.036915504511895,,,,,,2021-06-01 22:02:35.162184,tournament
741000,,martin kaymer,joost luiten,,,,,,,2021-06-05T05:00:01Z,-118.0,-112.0,,,1.847457627118644,1.8928571428571428,1.8771929824561404,1.9803921568627452,PIN,1.8771929824561404,PIN,1.9803921568627452,1.0376607754233367,,,,,,2021-06-01 22:02:35.162184,tournament
741001,,bernd wiesberger,matthias schwab,,,,,,,2021-06-05T05:00:01Z,-140.0,108.0,,,1.7142857142857144,2.08,1.7246376811594204,2.1799999999999997,PIN,1.7246376811594204,PIN,2.1799999999999997,1.0385475291033845,,,,,,2021-06-01 22:02:35.162184,tournament
741002,,sam horsfield,jason scrivener,,,,,,,2021-06-05T05:00:01Z,-120.0,-110.0,,,1.8333333333333335,1.9090909090909092,1.8333333333333335,2.0300000000000002,PIN,1.8333333333333335,PIN,2.0300000000000002,1.038065382892969,,,,,,2021-06-01 22:02:35.162184,tournament
741003,,abraham ancer,bernd wiesberger,,,,,,,2021-06-05T05:00:01Z,-220.0,173.0,,,1.4545454545454546,2.73,1.4545454545454546,2.85,PIN,1.4545454545454546,PIN,2.85,1.0383771929824561,,,,,,2021-06-01 22:02:35.162184,tournament
741004,,abraham ancer,matthias schwab,,,,,,,2021-06-05T05:00:01Z,-255.0,201.0,,,1.392156862745098,3.01,1.4,3.08,PIN,1.4,PIN,3.08,1.0389610389610389,,,,,,2021-06-01 22:02:35.162184,tournament
741005,,paul casey,matthias schwab,,,,,,,2021-06-05T05:00:01Z,-270.0,213.0,,,1.3703703703703702,3.13,1.3745318352059925,3.21,PIN,1.3745318352059925,PIN,3.21,1.0390469157180813,,,,,,2021-06-01 22:02:35.162184,tournament
741006,,phil mickelson/tom brady,bryson dechambeau/aaron rodgers,,,,,,,2021-07-06T21:00:01Z,133.0,-170.0,,,2.33,1.5882352941176472,,,BTO,2.33,BTO,1.5882352941176472,1.0588141789858527,,,,,,2021-06-01 22:02:35.162184,Exhibition Matches
741007,,jeong-eun lee6,amy yang,,,,,,,2021-06-03T11:00:01Z,-105.0,-125.0,,,1.9523809523809523,1.8,,,BTO,1.9523809523809523,BTO,1.8,1.067750677506775,,,,,,2021-06-01 22:02:35.162184,LPGA
741008,,danielle kang,moriya jutanugarn,,,,,,,2021-06-03T11:00:01Z,-155.0,121.0,,,1.6451612903225805,2.21,,,BTO,1.6451612903225805,BTO,2.21,1.0603318250377074,,,,,,2021-06-01 22:02:35.162184,LPGA
741009,,minjee lee,ally ewing,,,,,,,2021-06-03T11:00:01Z,-154.0,120.0,,,1.6493506493506493,2.2,,,BTO,1.6493506493506493,BTO,2.2,1.0608446671438798,,,,,,2021-06-01 22:02:35.162184,LPGA
741010,,nelly korda,ariya jutanugarn,,,,,,,2021-06-03T11:00:01Z,-110.0,-120.0,,,1.9090909090909092,1.8333333333333335,,,BTO,1.9090909090909092,BTO,1.8333333333333335,1.0692640692640691,,,,,,2021-06-01 22:02:35.162184,LPGA
741011,,patty tavatanakit,lexi thompson,,,,,,,2021-06-03T11:00:01Z,-140.0,108.0,,,1.7142857142857144,2.08,,,BTO,1.7142857142857144,BTO,2.08,1.0641025641025639,,,,,,2021-06-01 22:02:35.162184,LPGA
741012,,hannah green,shanshan feng,,,,,,,2021-06-03T11:00:01Z,-115.0,-115.0,,,1.8695652173913042,1.8695652173913042,,,BTO,1.8695652173913042,BTO,1.8695652173913042,1.0697674418604652,,,,,,2021-06-01 22:02:35.162184,LPGA
741013,,sei young kim,so yeon ryu,,,,,,,2021-06-03T11:00:01Z,-115.0,-115.0,,,1.8695652173913042,1.8695652173913042,,,BTO,1.8695652173913042,BTO,1.8695652173913042,1.0697674418604652,,,,,,2021-06-01 22:02:35.162184,LPGA
741014,,inbee park,jin young ko,,,,,,,2021-06-03T11:00:01Z,-135.0,104.0,,,1.7407407407407407,2.04,,,BTO,1.7407407407407407,BTO,2.04,1.0646641635377556,,,,,,2021-06-01 22:02:35.162184,LPGA
741015,,jessica korda,brooke henderson,,,,,,,2021-06-03T11:00:01Z,-154.0,120.0,,,1.6493506493506493,2.2,,,BTO,1.6493506493506493,BTO,2.2,1.0608446671438798,,,,,,2021-06-01 22:02:35.162184,LPGA
741016,,hyo joo kim,lydia ko,,,,,,,2021-06-03T11:00:01Z,-110.0,-120.0,,,1.9090909090909092,1.8333333333333335,,,BTO,1.9090909090909092,BTO,1.8333333333333335,1.0692640692640691,,,,,,2021-06-01 22:02:35.162184,LPGA
741017,06/0303:00,rory mcilroy,jon rahm,137.0,-173.0,+1.5+107,-1.5-137,2.37,1.5780346820809248,2021-06-03T11:00:01Z,141.0,-170.0,-108.0,-122.0,2.41,1.5882352941176472,2.49,1.5714285714285714,PIN,2.49,BTO,1.5882352941176472,1.0312360553324407,1.032641336989163,2.0700000000000003,1.819672131147541,BM,BTO,2021-06-01 22:02:35.162184,tournament
741018,06/0303:00,jordan spieth,jon rahm,129.0,-162.0,+1.5+100,-1.5-130,2.29,1.617283950617284,2021-06-03T11:00:01Z,116.0,-139.0,-125.0,-105.0,2.16,1.7194244604316546,2.19,1.7194244604316546,BM,2.29,PIN,1.7194244604316546,1.0182711808664195,1.0121951219512195,2.0,1.9523809523809523,BM,BTO,2021-06-01 22:02:35.162184,tournament
741019,06/0303:00,collin morikawa,jordan spieth,-122.0,-108.0,-1.5+108,+1.5-138,1.819672131147541,1.925925925925926,2021-06-03T11:00:01Z,-110.0,-110.0,-155.0,121.0,1.9090909090909092,1.9090909090909092,,,BTO,1.9090909090909092,BM,1.925925925925926,1.0430402930402929,,2.08,2.21,BM,BTO,2021-06-01 22:02:35.162184,tournament
741020,06/0303:00,bryson dechambeau,rory mcilroy,-111.0,-119.0,+1.5-141,-1.5+111,1.900900900900901,1.8403361344537816,2021-06-03T11:00:01Z,-115.0,-105.0,117.0,-150.0,1.8695652173913042,1.9523809523809523,1.8547008547008548,2.0,BM,1.900900900900901,PIN,2.0,1.0260663507109005,,2.17,2.1100000000000003,BTO,BM,2021-06-01 22:02:35.162184,tournament
741021,06/0303:00,justin thomas,bryson dechambeau,-125.0,-105.0,-1.5+105,+1.5-135,1.8,1.9523809523809523,2021-06-03T11:00:01Z,-145.0,121.0,-110.0,-120.0,1.6896551724137931,2.21,1.8,2.0700000000000003,PIN,1.8,BTO,2.21,1.008044243338361,1.033259423503326,2.05,1.8333333333333335,BM,BTO,2021-06-01 22:02:35.162184,tournament
741022,06/0303:00,collin morikawa,viktor hovland,-121.0,-109.0,-1.5+109,+1.5-139,1.8264462809917354,1.9174311926605505,2021-06-03T11:00:01Z,-110.0,-110.0,-155.0,121.0,1.9090909090909092,1.9090909090909092,,,BTO,1.9090909090909092,BM,1.9174311926605505,1.0453406242879928,,2.09,2.21,BM,BTO,2021-06-01 22:02:35.162184,tournament
741023,06/0303:00,xander schauffele,collin morikawa,-112.0,-118.0,+1.5-142,-1.5+112,1.8928571428571428,1.847457627118644,2021-06-03T11:00:01Z,100.0,-120.0,-145.0,113.0,2.0,1.8333333333333335,1.9433962264150944,1.9090909090909092,BTO,2.0,PIN,1.9090909090909092,1.0238095238095237,1.0562604275792498,1.704225352112676,2.13,BM,BTO,2021-06-01 22:02:35.162184,tournament
741024,06/0303:00,hideki matsuyama,patrick cantlay,-106.0,-124.0,+1.5-136,-1.5+106,1.9433962264150944,1.8064516129032258,2021-06-03T11:00:01Z,108.0,-129.0,-135.0,104.0,2.08,1.7751937984496124,2.13,1.7575757575757576,PIN,2.13,BM,1.8064516129032258,1.0230549966465459,1.0599049783102665,1.7407407407407407,2.06,BTO,BM,2021-06-01 22:02:35.162184,tournament
741025,06/0303:00,xander schauffele,patrick cantlay,-125.0,-105.0,-1.5+105,+1.5-135,1.8,1.9523809523809523,2021-06-03T11:00:01Z,-120.0,100.0,113.0,-145.0,1.8333333333333335,2.0,1.847457627118644,2.01,PIN,1.847457627118644,PIN,2.01,1.03879684148067,1.0439516531815003,2.13,1.7407407407407407,BTO,BM,2021-06-01 22:02:35.162184,tournament
741026,06/0303:00,tony finau,patrick reed,-123.0,-107.0,-1.5+107,+1.5-137,1.8130081300813008,1.9345794392523366,2021-06-03T11:00:01Z,-128.0,107.0,104.0,-135.0,1.78125,2.0700000000000003,,,BM,1.8130081300813008,BTO,2.0700000000000003,1.0346612941660709,1.0575598725459965,2.0700000000000003,1.7407407407407407,BM,BTO,2021-06-01 22:02:35.162184,tournament
741027,06/0303:00,louis oosthuizen,matthew fitzpatrick,107.0,-137.0,+1.5-123,-1.5-107,2.0700000000000003,1.72992700729927,2021-06-03T11:00:01Z,110.0,-132.0,-130.0,-101.0,2.1,1.7575757575757576,,,BTO,2.1,BTO,1.7575757575757576,1.0451559934318555,1.0540570689155122,1.8130081300813008,1.99009900990099,BM,BTO,2021-06-01 22:02:35.162184,tournament
741028,06/0303:00,scottie scheffler,corey conners,108.0,-138.0,+1.5-122,-1.5-108,2.08,1.7246376811594204,2021-06-03T11:00:01Z,106.0,-127.0,-140.0,108.0,2.06,1.7874015748031495,,,BM,2.08,BTO,1.7874015748031495,1.0402405964079973,1.03031878031878,1.819672131147541,2.08,BM,BTO,2021-06-01 22:02:35.162184,tournament
741029,06/0303:00,cameron smith,shane lowry,-102.0,-128.0,+1.5-132,-1.5+102,1.9803921568627452,1.78125,2021-06-03T11:00:01Z,-115.0,-105.0,117.0,-150.0,1.8695652173913042,1.9523809523809523,,,BM,1.9803921568627452,BTO,1.9523809523809523,1.0171456170007245,,2.17,2.02,BTO,BM,2021-06-01 22:02:35.162184,tournament
741030,06/0303:00,joaquin niemann,sungjae im,-129.0,-101.0,-1.5+101,+1.5-131,1.7751937984496124,1.99009900990099,2021-06-03T11:00:01Z,-129.0,108.0,104.0,-135.0,1.7751937984496124,2.08,,,BM,1.7751937984496124,BTO,2.08,1.0440880080618071,1.0572956455309397,2.04,1.7633587786259541,BTO,BM,2021-06-01 22:02:35.162184,tournament
741031,06/0303:00,kevin streelman,charley hoffman,-136.0,106.0,-1.5-106,+1.5-124,1.7352941176470589,2.06,2021-06-03T11:00:01Z,-112.0,-108.0,-160.0,125.0,1.8928571428571428,1.925925925925926,,,BTO,1.8928571428571428,BM,2.06,1.0137387799963364,,1.9433962264150944,2.25,BM,BTO,2021-06-01 22:02:35.162184,tournament
741032,06/0303:00,keegan bradley,marc leishman,-195.0,154.0,-1.5-155,+1.5+124,1.5128205128205128,2.54,2021-06-03T11:00:01Z,-170.0,141.0,-125.0,-105.0,1.5882352941176472,2.41,,,BTO,1.5882352941176472,BM,2.54,1.0233304170312043,1.001984126984127,1.8,2.24,BTO,BM,2021-06-01 22:02:35.162184,tournament
741033,06/0303:00,rickie fowler,gary woodland,-102.0,-128.0,+1.5-132,-1.5+102,1.9803921568627452,1.78125,2021-06-03T11:00:01Z,110.0,-132.0,-135.0,104.0,2.1,1.7575757575757576,,,BTO,2.1,BM,1.78125,1.037593984962406,1.0591615956727518,1.7575757575757576,2.04,BM,BTO,2021-06-01 22:02:35.162184,tournament
741034,06/0303:00,emiliano grillo,billy horschel,-103.0,-127.0,+1.5-133,-1.5+103,1.970873786407767,1.7874015748031495,2021-06-03T11:00:01Z,-110.0,-110.0,-155.0,121.0,1.9090909090909092,1.9090909090909092,,,BM,1.970873786407767,BTO,1.9090909090909092,1.0311986863711002,1.0233041384265822,1.7518796992481203,2.21,BM,BTO,2021-06-01 22:02:35.162184,tournament
741035,06/0303:00,adam scott,jason day,122.0,-153.0,+1.5-109,-1.5-121,2.2199999999999998,1.65359477124183,2021-06-03T11:00:01Z,118.0,-142.0,-122.0,-108.0,2.1799999999999997,1.704225352112676,,,BM,2.2199999999999998,BTO,1.704225352112676,1.0372273099545828,1.040761869709238,1.9174311926605505,1.925925925925926,BM,BTO,2021-06-01 22:02:35.162184,tournament
741036,06/0303:00,charl schwartzel,bubba watson,-120.0,-110.0,-1.5+110,+1.5-140,1.8333333333333335,1.9090909090909092,2021-06-03T11:00:01Z,-105.0,-115.0,-150.0,117.0,1.9523809523809523,1.8695652173913042,,,BTO,1.9523809523809523,BM,1.9090909090909092,1.0360046457607432,,2.1,2.17,BM,BTO,2021-06-01 22:02:35.162184,tournament
741037,06/0303:00,matt wallace,christiaan bezuidenhout,-121.0,-109.0,-1.5+109,+1.5-139,1.8264462809917354,1.9174311926605505,2021-06-03T11:00:01Z,-110.0,-110.0,-155.0,121.0,1.9090909090909092,1.9090909090909092,,,BTO,1.9090909090909092,BM,1.9174311926605505,1.0453406242879928,,2.09,2.21,BM,BTO,2021-06-01 22:02:35.162184,tournament
741038,,cameron tringale,matt jones,,,,,,,2021-06-03T11:00:01Z,-134.0,112.0,-101.0,-130.0,1.7462686567164178,2.12,,,BTO,1.7462686567164178,BTO,2.12,1.04434768585712,,1.99009900990099,1.7692307692307692,BTO,BTO,2021-06-01 22:02:35.162184,tournament
741039,06/0303:00,matt kuchar,stewart cink,-143.0,113.0,-1.5-113,+1.5-117,1.6993006993006992,2.13,2021-06-03T11:00:01Z,-128.0,107.0,108.0,-140.0,1.78125,2.0700000000000003,,,BTO,1.78125,BM,2.13,1.0308870768470473,1.019939737681673,2.08,1.8547008547008548,BTO,BM,2021-06-01 22:02:35.162184,tournament
741040,06/0303:00,brendon todd,patton kizzire,-175.0,139.0,-1.5-139,+1.5+109,1.5714285714285714,2.3899999999999997,2021-06-03T11:00:01Z,-148.0,123.0,-120.0,-110.0,1.6756756756756757,2.23,,,BTO,1.6756756756756757,BM,2.3899999999999997,1.0151842353893914,1.0239234449760766,1.8333333333333335,2.09,BTO,BM,2021-06-01 22:02:35.162184,tournament
741041,06/0303:00,aaron wise,russell henley,110.0,-140.0,+1.5-120,-1.5-110,2.1,1.7142857142857144,2021-06-03T11:00:01Z,133.0,-160.0,-115.0,-115.0,2.33,1.625,,,BTO,2.33,BM,1.7142857142857144,1.0125178826895564,1.0586932447397563,1.8695652173913042,1.9090909090909092,BTO,BM,2021-06-01 22:02:35.162184,tournament
741042,06/0303:00,chris kirk,max homa,-144.0,114.0,-1.5-114,+1.5-116,1.6944444444444444,2.1399999999999997,2021-06-03T11:00:01Z,-130.0,109.0,104.0,-135.0,1.7692307692307692,2.09,,,BTO,1.7692307692307692,BM,2.1399999999999997,1.0325071109305162,1.0272331154684096,2.04,1.8620689655172413,BTO,BM,2021-06-01 22:02:35.162184,tournament
741043,06/0303:00,troy merritt,sebastian munoz,-101.0,-129.0,+1.5-131,-1.5+101,1.99009900990099,1.7751937984496124,2021-06-03T11:00:01Z,110.0,-132.0,-133.0,102.0,2.1,1.7575757575757576,,,BTO,2.1,BM,1.7751937984496124,1.0395092534830526,1.0621490720500621,1.7633587786259541,2.02,BM,BTO,2021-06-01 22:02:35.162184,tournament
741044,06/0303:00,harold varner iii,doug ghim,-127.0,-103.0,-1.5+103,+1.5-133,1.7874015748031495,1.970873786407767,2021-06-03T11:00:01Z,-110.0,-110.0,-155.0,121.0,1.9090909090909092,1.9090909090909092,,,BTO,1.9090909090909092,BM,1.970873786407767,1.0311986863711002,,2.0300000000000002,2.21,BM,BTO,2021-06-01 22:02:35.162184,tournament
741045,06/0303:00,branden grace,alex noren,105.0,-135.0,+1.5-125,-1.5-105,2.05,1.7407407407407407,2021-06-03T11:00:01Z,102.0,-122.0,-145.0,113.0,2.02,1.819672131147541,,,BM,2.05,BTO,1.819672131147541,1.03735442759833,1.0250391236306728,1.8,2.13,BM,BTO,2021-06-01 22:02:35.162184,tournament
741046,06/0303:00,carlos ortiz,talor gooch,-122.0,-108.0,-1.5+108,+1.5-138,1.819672131147541,1.925925925925926,2021-06-03T11:00:01Z,-110.0,-110.0,-155.0,121.0,1.9090909090909092,1.9090909090909092,,,BTO,1.9090909090909092,BM,1.925925925925926,1.0430402930402929,,2.08,2.21,BM,BTO,2021-06-01 22:02:35.162184,tournament
741047,06/0303:00,henrik norlander,sepp straka,-108.0,-122.0,+1.5-138,-1.5+108,1.925925925925926,1.819672131147541,2021-06-03T11:00:01Z,105.0,-125.0,-138.0,106.0,2.05,1.8,,,BTO,2.05,BM,1.819672131147541,1.03735442759833,1.0606011635423398,1.7246376811594204,2.08,BM,BM,2021-06-01 22:02:35.162184,tournament
741048,,kyoung-hoon lee,charles howell iii,,,,,,,2021-06-03T11:00:01Z,110.0,-132.0,-135.0,104.0,2.1,1.7575757575757576,,,BTO,2.1,BTO,1.7575757575757576,1.0451559934318555,,1.7407407407407407,2.04,BTO,BTO,2021-06-01 22:02:35.162184,tournament
741049,06/0303:00,c t pan,martin laird,-110.0,-120.0,+1.5-140,-1.5+110,1.9090909090909092,1.8333333333333335,2021-06-03T11:00:01Z,-110.0,-110.0,-155.0,121.0,1.9090909090909092,1.9090909090909092,,,BM,1.9090909090909092,BTO,1.9090909090909092,1.0476190476190477,1.0358220211161386,1.7142857142857144,2.21,BM,BTO,2021-06-01 22:02:35.162184,tournament
741050,06/0303:00,doc redman,harry higgs,-138.0,108.0,-1.5-108,+1.5-122,1.7246376811594204,2.08,2021-06-03T11:00:01Z,-120.0,100.0,113.0,-145.0,1.8333333333333335,2.0,,,BTO,1.8333333333333335,BM,2.08,1.0262237762237763,1.0190331176246668,2.13,1.819672131147541,BTO,BM,2021-06-01 22:02:35.162184,tournament
741051,06/0303:00,wyndham clark,patrick rodgers,-119.0,-111.0,-1.5+111,+1.5-141,1.8403361344537816,1.900900900900901,2021-06-03T11:00:01Z,-133.0,111.0,-101.0,-130.0,1.7518796992481203,2.1100000000000003,1.8130081300813008,1.925925925925926,BM,1.8403361344537816,BTO,2.1100000000000003,1.0173126447228893,1.0391510405934474,2.1100000000000003,1.7692307692307692,BM,BTO,2021-06-01 22:02:35.162184,tournament
741052,,julian suri,jeff winther,,,,,,,2021-06-05T05:00:01Z,105.0,-136.0,,,2.05,1.7352941176470589,2.16,1.7352941176470589,PIN,2.16,PIN,1.7352941176470589,1.039234149403641,,,,,,2021-06-01 22:02:35.162184,tournament
741053,,connor syme,min woo lee,,,,,,,2021-06-05T05:00:01Z,-122.0,-108.0,,,1.819672131147541,1.925925925925926,1.819672131147541,2.05,PIN,1.819672131147541,PIN,2.05,1.03735442759833,,,,,,2021-06-01 22:02:35.162184,tournament
741054,,mike lorenzo-vera,victor dubuisson,,,,,,,2021-06-05T05:00:01Z,-112.0,-118.0,,,1.8928571428571428,1.847457627118644,,,BTO,1.8928571428571428,BTO,1.847457627118644,1.0695862904621776,,,,,,2021-06-01 22:02:35.162184,tournament
741055,,wil besseling,richie ramsay,,,,,,,2021-06-05T05:00:01Z,-115.0,-115.0,,,1.8695652173913042,1.8695652173913042,1.925925925925926,1.925925925925926,PIN,1.925925925925926,PIN,1.925925925925926,1.0384615384615383,,,,,,2021-06-01 22:02:35.162184,tournament
741056,,abraham ancer,paul casey,,,,,,,2021-06-05T05:00:01Z,105.0,-137.0,,,2.05,1.72992700729927,2.01,1.847457627118644,BTO,2.05,PIN,1.847457627118644,1.0290892817185053,,,,,,2021-06-01 22:02:35.162184,tournament
741057,,matthew southgate,david horsey,,,,,,,2021-06-05T05:00:01Z,-118.0,-112.0,,,1.847457627118644,1.8928571428571428,1.8928571428571428,1.9615384615384617,PIN,1.8928571428571428,PIN,1.9615384615384617,1.0381058083610801,,,,,,2021-06-01 22:02:35.162184,tournament
741058,,jacques kruyswijk,wade ormsby,,,,,,,2021-06-05T05:00:01Z,-135.0,104.0,,,1.7407407407407407,2.04,1.7407407407407407,2.16,PIN,1.7407407407407407,PIN,2.16,1.037431048069346,,,,,,2021-06-01 22:02:35.162184,tournament
741059,,maximilian kieffer,julien guerrier,,,,,,,2021-06-05T05:00:01Z,-115.0,-115.0,,,1.8695652173913042,1.8695652173913042,1.925925925925926,1.925925925925926,PIN,1.925925925925926,PIN,1.925925925925926,1.0384615384615383,,,,,,2021-06-01 22:02:35.162184,tournament
741060,,mikko korhonen,marcus armitage,,,,,,,2021-06-05T05:00:01Z,-110.0,-120.0,,,1.9090909090909092,1.8333333333333335,1.99009900990099,1.8620689655172413,PIN,1.99009900990099,PIN,1.8620689655172413,1.039524599226092,,,,,,2021-06-01 22:02:35.162184,tournament
741061,,bernd wiesberger,paul casey,,,,,,,2021-06-05T05:00:01Z,189.0,-240.0,,,2.8899999999999997,1.4166666666666667,2.85,1.4545454545454546,BTO,2.8899999999999997,PIN,1.4545454545454546,1.0335207612456747,,,,,,2021-06-01 22:02:35.162184,tournament
741062,,rasmus hojgaard,sami valimaki,,,,,,,2021-06-05T05:00:01Z,-124.0,-106.0,,,1.8064516129032258,1.9433962264150944,1.7518796992481203,2.1399999999999997,BTO,1.8064516129032258,PIN,2.1399999999999997,1.0208611481975969,,,,,,2021-06-01 22:02:35.162184,tournament
741063,,alexander bjork,calum hill,,,,,,,2021-06-05T05:00:01Z,-105.0,-125.0,,,1.9523809523809523,1.8,,,BTO,1.9523809523809523,BTO,1.8,1.067750677506775,,,,,,2021-06-01 22:02:35.162184,tournament
741064,,calum hill,jordan smith,,,,,,,2021-06-05T05:00:01Z,-115.0,-115.0,,,1.8695652173913042,1.8695652173913042,,,BTO,1.8695652173913042,BTO,1.8695652173913042,1.0697674418604652,,,,,,2021-06-01 22:02:35.162184,tournament
741065,,thorbjorn olesen,martin kaymer,,,,,,,2021-06-05T05:00:01Z,-115.0,-115.0,,,1.8695652173913042,1.8695652173913042,1.925925925925926,1.925925925925926,PIN,1.925925925925926,PIN,1.925925925925926,1.0384615384615383,,,,,,2021-06-01 22:02:35.162184,tournament
741066,,laurie canter,sam horsfield,,,,,,,2021-06-05T05:00:01Z,-101.0,-130.0,,,1.99009900990099,1.7692307692307692,2.12,1.7692307692307692,PIN,2.12,PIN,1.7692307692307692,1.036915504511895,,,,,,2021-06-01 22:02:35.162184,tournament
741067,,joost luiten,martin kaymer,,,,,,,2021-06-05T05:00:01Z,-112.0,-118.0,,,1.8928571428571428,1.847457627118644,1.9803921568627452,1.8771929824561404,PIN,1.9803921568627452,PIN,1.8771929824561404,1.0376607754233367,,,,,,2021-06-01 22:02:35.162184,tournament
741068,,matthias schwab,bernd wiesberger,,,,,,,2021-06-05T05:00:01Z,108.0,-140.0,,,2.08,1.7142857142857144,2.1799999999999997,1.7246376811594204,PIN,2.1799999999999997,PIN,1.7246376811594204,1.0385475291033845,,,,,,2021-06-01 22:02:35.162184,tournament
741069,,jason scrivener,sam horsfield,,,,,,,2021-06-05T05:00:01Z,-110.0,-120.0,,,1.9090909090909092,1.8333333333333335,2.0300000000000002,1.8333333333333335,PIN,2.0300000000000002,PIN,1.8333333333333335,1.038065382892969,,,,,,2021-06-01 22:02:35.162184,tournament
741070,,bernd wiesberger,abraham ancer,,,,,,,2021-06-05T05:00:01Z,173.0,-220.0,,,2.73,1.4545454545454546,2.85,1.4545454545454546,PIN,2.85,PIN,1.4545454545454546,1.0383771929824561,,,,,,2021-06-01 22:02:35.162184,tournament
741071,,matthias schwab,abraham ancer,,,,,,,2021-06-05T05:00:01Z,201.0,-255.0,,,3.01,1.392156862745098,3.08,1.4,PIN,3.08,PIN,1.4,1.0389610389610389,,,,,,2021-06-01 22:02:35.162184,tournament
741072,,matthias schwab,paul casey,,,,,,,2021-06-05T05:00:01Z,213.0,-270.0,,,3.13,1.3703703703703702,3.21,1.3745318352059925,PIN,3.21,PIN,1.3745318352059925,1.0390469157180813,,,,,,2021-06-01 22:02:35.162184,tournament
741073,,bryson dechambeau/aaron rodgers,phil mickelson/tom brady,,,,,,,2021-07-06T21:00:01Z,-170.0,133.0,,,1.5882352941176472,2.33,,,BTO,1.5882352941176472,BTO,2.33,1.0588141789858527,,,,,,2021-06-01 22:02:35.162184,Exhibition Matches
741074,,amy yang,jeong-eun lee6,,,,,,,2021-06-03T11:00:01Z,-125.0,-105.0,,,1.8,1.9523809523809523,,,BTO,1.8,BTO,1.9523809523809523,1.067750677506775,,,,,,2021-06-01 22:02:35.162184,LPGA
741075,,moriya jutanugarn,danielle kang,,,,,,,2021-06-03T11:00:01Z,121.0,-155.0,,,2.21,1.6451612903225805,,,BTO,2.21,BTO,1.6451612903225805,1.0603318250377074,,,,,,2021-06-01 22:02:35.162184,LPGA
741076,,ally ewing,minjee lee,,,,,,,2021-06-03T11:00:01Z,120.0,-154.0,,,2.2,1.6493506493506493,,,BTO,2.2,BTO,1.6493506493506493,1.0608446671438798,,,,,,2021-06-01 22:02:35.162184,LPGA
741077,,ariya jutanugarn,nelly korda,,,,,,,2021-06-03T11:00:01Z,-120.0,-110.0,,,1.8333333333333335,1.9090909090909092,,,BTO,1.8333333333333335,BTO,1.9090909090909092,1.0692640692640691,,,,,,2021-06-01 22:02:35.162184,LPGA
741078,,lexi thompson,patty tavatanakit,,,,,,,2021-06-03T11:00:01Z,108.0,-140.0,,,2.08,1.7142857142857144,,,BTO,2.08,BTO,1.7142857142857144,1.0641025641025639,,,,,,2021-06-01 22:02:35.162184,LPGA
741079,,shanshan feng,hannah green,,,,,,,2021-06-03T11:00:01Z,-115.0,-115.0,,,1.8695652173913042,1.8695652173913042,,,BTO,1.8695652173913042,BTO,1.8695652173913042,1.0697674418604652,,,,,,2021-06-01 22:02:35.162184,LPGA
741080,,so yeon ryu,sei young kim,,,,,,,2021-06-03T11:00:01Z,-115.0,-115.0,,,1.8695652173913042,1.8695652173913042,,,BTO,1.8695652173913042,BTO,1.8695652173913042,1.0697674418604652,,,,,,2021-06-01 22:02:35.162184,LPGA
741081,,jin young ko,inbee park,,,,,,,2021-06-03T11:00:01Z,104.0,-135.0,,,2.04,1.7407407407407407,,,BTO,2.04,BTO,1.7407407407407407,1.0646641635377556,,,,,,2021-06-01 22:02:35.162184,LPGA
741082,,brooke henderson,jessica korda,,,,,,,2021-06-03T11:00:01Z,120.0,-154.0,,,2.2,1.6493506493506493,,,BTO,2.2,BTO,1.6493506493506493,1.0608446671438798,,,,,,2021-06-01 22:02:35.162184,LPGA
741083,,lydia ko,hyo joo kim,,,,,,,2021-06-03T11:00:01Z,-120.0,-110.0,,,1.8333333333333335,1.9090909090909092,,,BTO,1.8333333333333335,BTO,1.9090909090909092,1.0692640692640691,,,,,,2021-06-01 22:02:35.162184,LPGA
741084,06/0303:00,matthew jones,cameron tringale,109.0,-139.0,+1.5-121,-1.5-109,2.09,1.7194244604316546,,,,,,,,,,BM,2.09,BM,1.7194244604316546,1.060058857680527,,1.8264462809917354,1.9174311926605505,BM,BM,2021-06-01 22:02:35.162184,tournament
741085,06/0307:33,charles howell iii,kyoung hoon lee,-129.0,-101.0,-1.5+101,+1.5-131,1.7751937984496124,1.99009900990099,,,,,,,,,,BM,1.7751937984496124,BM,1.99009900990099,1.065806339481631,,2.01,1.7633587786259541,BM,BM,2021-06-01 22:02:35.162184,tournament
741086,06/0303:00,cameron tringale,matthew jones,-139.0,109.0,-1.5-109,+1.5-121,1.7194244604316546,2.09,,,,,,,,,,BM,1.7194244604316546,BM,2.09,1.060058857680527,,1.9174311926605505,1.8264462809917354,BM,BM,2021-06-01 22:02:35.162184,tournament
741087,06/0307:33,kyoung hoon lee,charles howell iii,-101.0,-129.0,+1.5-131,-1.5+101,1.99009900990099,1.7751937984496124,,,,,,,,,,BM,1.99009900990099,BM,1.7751937984496124,1.065806339481631,,1.7633587786259541,2.01,BM,BM,2021-06-01 22:02:35.162184,tournament
741088,,camillo villegas,rafael cabrera bello,,,,,,,,,,,,,,1.7874015748031495,1.9615384615384617,PIN,1.7874015748031495,PIN,1.9615384615384617,1.069275287207394,,,,,,2021-06-01 22:02:35.162184,tournament
741089,,the field,matthew fitzpatrick,,,,,,,,,,,,,,1.0130005200208008,33.57,PIN,1.0130005200208008,PIN,33.57,1.016954826073686,,,,,,2021-06-01 22:02:35.162184,tournament
741090,,the field,hideki matsuyama,,,,,,,,,,,,,,1.0179985601151909,17.53,PIN,1.0179985601151909,PIN,17.53,1.0393647261393077,,,,,,2021-06-01 22:02:35.162184,tournament
741091,,the field,xander schauffele,,,,,,,,,,,,,,1.033003300330033,18.16,PIN,1.033003300330033,PIN,18.16,1.023117197506017,,,,,,2021-06-01 22:02:35.162184,tournament
741092,,the field,viktor hovland,,,,,,,,,,,,,,1.04,15.91,PIN,1.04,PIN,15.91,1.0243920127641057,,,,,,2021-06-01 22:02:35.162184,tournament
741093,,the field,jordan spieth,,,,,,,,,,,,,,1.0359971202303815,17.05,PIN,1.0359971202303815,PIN,17.05,1.0239046747598834,,,,,,2021-06-01 22:02:35.162184,tournament
741094,,the field,justin thomas,,,,,,,,,,,,,,1.0410004100041,15.45,PIN,1.0410004100041,PIN,15.45,1.0253393342179158,,,,,,2021-06-01 22:02:35.162184,tournament
741095,,the field,tony finau,,,,,,,,,,,,,,1.0239980801535877,22.7,PIN,1.0239980801535877,PIN,22.7,1.0206171943477709,,,,,,2021-06-01 22:02:35.162184,tournament
741096,,the field,jon rahm,,,,,,,,,,,,,,1.074019245003701,10.13,PIN,1.074019245003701,PIN,10.13,1.029798695524685,,,,,,2021-06-01 22:02:35.162184,tournament
741097,,the field,bryson dechambeau,,,,,,,,,,,,,,1.0359971202303815,17.05,PIN,1.0359971202303815,PIN,17.05,1.0239046747598834,,,,,,2021-06-01 22:02:35.162184,tournament
741098,,the field,collin morikawa,,,,,,,,,,,,,,1.0410004100041,15.45,PIN,1.0410004100041,PIN,15.45,1.0253393342179158,,,,,,2021-06-01 22:02:35.162184,tournament
741099,,the field,rory mcilroy,,,,,,,,,,,,,,1.0359971202303815,17.05,PIN,1.0359971202303815,PIN,17.05,1.0239046747598834,,,,,,2021-06-01 22:02:35.162184,tournament
741100,,the field,patrick cantlay,,,,,,,,,,,,,,1.03000300030003,19.45,PIN,1.03000300030003,PIN,19.45,1.0222848400935425,,,,,,2021-06-01 22:02:35.162184,tournament
741101,,tony finau,patrick cantlay,,,,,,,,,,,,,,1.9803921568627452,1.8771929824561404,PIN,1.9803921568627452,PIN,1.8771929824561404,1.0376607754233367,,,,,,2021-06-01 22:02:35.162184,tournament
741102,,hideki matsuyama,xander schauffele,,,,,,,,,,,,,,2.13,1.7575757575757576,PIN,2.13,PIN,1.7575757575757576,1.0384490853164967,,,,,,2021-06-01 22:02:35.162184,tournament
741103,,tony finau,hideki matsuyama,,,,,,,,,,,,,,1.8064516129032258,2.06,PIN,1.8064516129032258,PIN,2.06,1.039008321775312,,,,,,2021-06-01 22:02:35.162184,tournament
741104,,tony finau,xander schauffele,,,,,,,,,,,,,,2.1,1.78125,PIN,2.1,PIN,1.78125,1.037593984962406,,,,,,2021-06-01 22:02:35.162184,tournament
741105,,hideki matsuyama,collin morikawa,,,,,,,,,,,,,,2.2,1.7142857142857144,PIN,2.2,PIN,1.7142857142857144,1.0378787878787878,,,,,,2021-06-01 22:02:35.162184,tournament
741106,,patrick cantlay,collin morikawa,,,,,,,,,,,,,,2.05,1.8130081300813008,PIN,2.05,PIN,1.8130081300813008,1.039374384775238,,,,,,2021-06-01 22:02:35.162184,tournament
741107,,viktor hovland,justin thomas,,,,,,,,,,,,,,1.8849557522123894,1.970873786407767,PIN,1.8849557522123894,PIN,1.970873786407767,1.037905594486459,,,,,,2021-06-01 22:02:35.162184,tournament
741108,,tony finau,collin morikawa,,,,,,,,,,,,,,2.08,1.7936507936507935,PIN,2.08,PIN,1.7936507936507935,1.0382913546630361,,,,,,2021-06-01 22:02:35.162184,tournament
741109,,viktor hovland,bryson dechambeau,,,,,,,,,,,,,,1.8130081300813008,2.05,PIN,1.8130081300813008,PIN,2.05,1.039374384775238,,,,,,2021-06-01 22:02:35.162184,tournament
741110,,bryson dechambeau,jon rahm,,,,,,,,,,,,,,2.2199999999999998,1.6993006993006992,PIN,2.2199999999999998,PIN,1.6993006993006992,1.0389278167055946,,,,,,2021-06-01 22:02:35.162184,tournament
741111,,viktor hovland,rory mcilroy,,,,,,,,,,,,,,1.7575757575757576,2.13,PIN,1.7575757575757576,PIN,2.13,1.0384490853164967,,,,,,2021-06-01 22:02:35.162184,tournament
741112,,justin thomas,rory mcilroy,,,,,,,,,,,,,,1.8333333333333335,2.0300000000000002,PIN,1.8333333333333335,PIN,2.0300000000000002,1.038065382892969,,,,,,2021-06-01 22:02:35.162184,tournament
741113,,justin thomas,jon rahm,,,,,,,,,,,,,,2.08,1.7936507936507935,PIN,2.08,PIN,1.7936507936507935,1.0382913546630361,,,,,,2021-06-01 22:02:35.162184,tournament
741114,,viktor hovland,jon rahm,,,,,,,,,,,,,,2.16,1.7352941176470589,PIN,2.16,PIN,1.7352941176470589,1.039234149403641,,,,,,2021-06-01 22:02:35.162184,tournament
741115,,rory mcilroy,jordan spieth,,,,,,,,,,,,,,2.16,1.7407407407407407,PIN,2.16,PIN,1.7407407407407407,1.037431048069346,,,,,,2021-06-01 22:02:35.162184,tournament
741116,,viktor hovland,jordan spieth,,,,,,,,,,,,,,1.9433962264150944,1.9090909090909092,PIN,1.9433962264150944,PIN,1.9090909090909092,1.0383726306056404,,,,,,2021-06-01 22:02:35.162184,tournament
741117,,bryson dechambeau,jordan spieth,,,,,,,,,,,,,,2.04,1.819672131147541,PIN,2.04,PIN,1.819672131147541,1.039745627980922,,,,,,2021-06-01 22:02:35.162184,tournament
741118,,justin thomas,jordan spieth,,,,,,,,,,,,,,1.900900900900901,1.9523809523809523,PIN,1.900900900900901,PIN,1.9523809523809523,1.03826147266212,,,,,,2021-06-01 22:02:35.162184,tournament
741119,,adam scott,marc leishman,,,,,,,,,,,,,,1.8620689655172413,2.0,PIN,1.8620689655172413,PIN,2.0,1.0370370370370372,,,,,,2021-06-01 22:02:35.162184,tournament
741120,,kevin streelman,billy horschel,,,,,,,,,,,,,,1.8849557522123894,1.970873786407767,PIN,1.8849557522123894,PIN,1.970873786407767,1.037905594486459,,,,,,2021-06-01 22:02:35.162184,tournament
741121,,matt kuchar,max homa,,,,,,,,,,,,,,1.819672131147541,2.05,PIN,1.819672131147541,PIN,2.05,1.03735442759833,,,,,,2021-06-01 22:02:35.162184,tournament
741122,,sam burns,scottie scheffler,,,,,,,,,,,,,,2.29,1.6578947368421053,PIN,2.29,PIN,1.6578947368421053,1.0398558258820267,,,,,,2021-06-01 22:02:35.162184,tournament
741123,,louis oosthuizen,corey conners,,,,,,,,,,,,,,2.16,1.7407407407407407,PIN,2.16,PIN,1.7407407407407407,1.037431048069346,,,,,,2021-06-01 22:02:35.162184,tournament
741124,,patrick reed,corey conners,,,,,,,,,,,,,,2.01,1.8547008547008548,PIN,2.01,PIN,1.8547008547008548,1.0366829447233878,,,,,,2021-06-01 22:02:35.162184,tournament
741125,,kevin streelman,gary woodland,,,,,,,,,,,,,,1.72992700729927,2.17,PIN,1.72992700729927,PIN,2.17,1.0388885648175155,,,,,,2021-06-01 22:02:35.162184,tournament
741126,,joaquin niemann,charley hoffman,,,,,,,,,,,,,,1.7936507936507935,2.08,PIN,1.7936507936507935,PIN,2.08,1.0382913546630361,,,,,,2021-06-01 22:02:35.162184,tournament
741127,,gary woodland,billy horschel,,,,,,,,,,,,,,2.16,1.7407407407407407,PIN,2.16,PIN,1.7407407407407407,1.037431048069346,,,,,,2021-06-01 22:02:35.162184,tournament
741128,,joaquin niemann,shane lowry,,,,,,,,,,,,,,1.6666666666666665,2.2800000000000002,PIN,1.6666666666666665,PIN,2.2800000000000002,1.0385964912280703,,,,,,2021-06-01 22:02:35.162184,tournament
741129,,charley hoffman,shane lowry,,,,,,,,,,,,,,1.7518796992481203,2.1399999999999997,PIN,1.7518796992481203,PIN,2.1399999999999997,1.038105170269945,,,,,,2021-06-01 22:02:35.162184,tournament
741130,,cameron smith,sam burns,,,,,,,,,,,,,,1.7874015748031495,2.09,PIN,1.7874015748031495,PIN,2.09,1.0379402651602976,,,,,,2021-06-01 22:02:35.162184,tournament
741131,,cameron smith,scottie scheffler,,,,,,,,,,,,,,2.2,1.7142857142857144,PIN,2.2,PIN,1.7142857142857144,1.0378787878787878,,,,,,2021-06-01 22:02:35.162184,tournament
741132,,louis oosthuizen,patrick reed,,,,,,,,,,,,,,2.13,1.7633587786259541,PIN,2.13,PIN,1.7633587786259541,1.0365831351746846,,,,,,2021-06-01 22:02:35.162184,tournament
741133,,matthew fitzpatrick,hideki matsuyama,,,,,,,,,,,,,,1.8620689655172413,2.0,PIN,1.8620689655172413,PIN,2.0,1.0370370370370372,,,,,,2021-06-01 22:02:35.162184,tournament
741134,,matthew fitzpatrick,xander schauffele,,,,,,,,,,,,,,2.15,1.7462686567164178,PIN,2.15,PIN,1.7462686567164178,1.0377658517193402,,,,,,2021-06-01 22:02:35.162184,tournament
741135,,matthew fitzpatrick,tony finau,,,,,,,,,,,,,,2.0700000000000003,1.8,PIN,2.0700000000000003,PIN,1.8,1.038647342995169,,,,,,2021-06-01 22:02:35.162184,tournament
741136,,matthew fitzpatrick,patrick cantlay,,,,,,,,,,,,,,2.0,1.8547008547008548,PIN,2.0,PIN,1.8547008547008548,1.0391705069124424,,,,,,2021-06-01 22:02:35.162184,tournament
741137,,matthew fitzpatrick,collin morikawa,,,,,,,,,,,,,,2.15,1.7462686567164178,PIN,2.15,PIN,1.7462686567164178,1.0377658517193402,,,,,,2021-06-01 22:02:35.162184,tournament
741138,,adam hadwin,c t pan,,,,,,,,,,,,,,1.8,2.0700000000000003,PIN,1.8,PIN,2.0700000000000003,1.038647342995169,,,,,,2021-06-01 22:02:35.162184,tournament
741139,,tom hoge,antoine rozner,,,,,,,,,,,,,,1.9090909090909092,1.9433962264150944,PIN,1.9090909090909092,PIN,1.9433962264150944,1.0383726306056404,,,,,,2021-06-01 22:02:35.162184,tournament
741140,,robert streb,mark hubbard,,,,,,,,,,,,,,1.970873786407767,1.8849557522123894,PIN,1.970873786407767,PIN,1.8849557522123894,1.037905594486459,,,,,,2021-06-01 22:02:35.162184,tournament
741141,,takumi kanaya,lucas herbert,,,,,,,,,,,,,,1.8695652173913042,1.99009900990099,PIN,1.8695652173913042,PIN,1.99009900990099,1.0373712831192874,,,,,,2021-06-01 22:02:35.162184,tournament
741142,,charles howell iii,carlos ortiz,,,,,,,,,,,,,,2.1100000000000003,1.7751937984496124,PIN,2.1100000000000003,PIN,1.7751937984496124,1.0372524265816758,,,,,,2021-06-01 22:02:35.162184,tournament
741143,,mackenzie hughes,doc redman,,,,,,,,,,,,,,1.8849557522123894,1.9615384615384617,PIN,1.8849557522123894,PIN,1.9615384615384617,1.04032035349351,,,,,,2021-06-01 22:02:35.162184,tournament
741144,,dylan frittelli,danny lee,,,,,,,,,,,,,,1.8849557522123894,1.970873786407767,PIN,1.8849557522123894,PIN,1.970873786407767,1.037905594486459,,,,,,2021-06-01 22:02:35.162184,tournament
741145,,matt kuchar,brendon todd,,,,,,,,,,,,,,2.0,1.8620689655172413,PIN,2.0,PIN,1.8620689655172413,1.0370370370370372,,,,,,2021-06-01 22:02:35.162184,tournament
741146,,sepp straka,cameron champ,,,,,,,,,,,,,,1.7194244604316546,2.19,PIN,1.7194244604316546,PIN,2.19,1.0382109627252059,,,,,,2021-06-01 22:02:35.162184,tournament
741147,,denny mccarthy,henrik norlander,,,,,,,,,,,,,,1.8547008547008548,2.0,PIN,1.8547008547008548,PIN,2.0,1.0391705069124424,,,,,,2021-06-01 22:02:35.162184,tournament
741148,,sebastian munoz,kevin na,,,,,,,,,,,,,,1.9615384615384617,1.8928571428571428,PIN,1.9615384615384617,PIN,1.8928571428571428,1.0381058083610801,,,,,,2021-06-01 22:02:35.162184,tournament
741149,,matthew nesmith,martin laird,,,,,,,,,,,,,,1.8771929824561404,1.9803921568627452,PIN,1.8771929824561404,PIN,1.9803921568627452,1.0376607754233367,,,,,,2021-06-01 22:02:35.162184,tournament
741150,,michael thompson,victor perez,,,,,,,,,,,,,,1.8403361344537816,2.02,PIN,1.8403361344537816,PIN,2.02,1.0384285003842848,,,,,,2021-06-01 22:02:35.162184,tournament
741151,,patton kizzire,cameron tringale,,,,,,,,,,,,,,2.38,1.617283950617284,PIN,2.38,PIN,1.617283950617284,1.0384886779139135,,,,,,2021-06-01 22:02:35.162184,tournament
741152,,byeong hun an,james hahn,,,,,,,,,,,,,,1.9803921568627452,1.8771929824561404,PIN,1.9803921568627452,PIN,1.8771929824561404,1.0376607754233367,,,,,,2021-06-01 22:02:35.162184,tournament
741153,,cameron tringale,matt wallace,,,,,,,,,,,,,,1.7874015748031495,2.09,PIN,1.7874015748031495,PIN,2.09,1.0379402651602976,,,,,,2021-06-01 22:02:35.162184,tournament
741154,,danny willett,richy werenski,,,,,,,,,,,,,,2.0300000000000002,1.8333333333333335,PIN,2.0300000000000002,PIN,1.8333333333333335,1.038065382892969,,,,,,2021-06-01 22:02:35.162184,tournament
741155,,alex noren,talor gooch,,,,,,,,,,,,,,2.1399999999999997,1.7462686567164178,PIN,2.1399999999999997,PIN,1.7462686567164178,1.039939292275741,,,,,,2021-06-01 22:02:35.162184,tournament
741156,,harold varner iii,troy merritt,,,,,,,,,,,,,,1.8333333333333335,2.0300000000000002,PIN,1.8333333333333335,PIN,2.0300000000000002,1.038065382892969,,,,,,2021-06-01 22:02:35.162184,tournament
741157,,russell henley,matt jones,,,,,,,,,,,,,,1.8333333333333335,2.0300000000000002,PIN,1.8333333333333335,PIN,2.0300000000000002,1.038065382892969,,,,,,2021-06-01 22:02:35.162184,tournament
741158,,emiliano grillo,adam scott,,,,,,,,,,,,,,1.704225352112676,2.21,PIN,1.704225352112676,PIN,2.21,1.0392655472869377,,,,,,2021-06-01 22:02:35.162184,tournament
741159,,j.t. poston,adam long,,,,,,,,,,,,,,1.9174311926605505,1.9345794392523366,PIN,1.9174311926605505,PIN,1.9345794392523366,1.0384393130388552,,,,,,2021-06-01 22:02:35.162184,tournament
741160,,luke list,joel dahmen,,,,,,,,,,,,,,2.08,1.7936507936507935,PIN,2.08,PIN,1.7936507936507935,1.0382913546630361,,,,,,2021-06-01 22:02:35.162184,tournament
741161,,russell henley,charl schwartzel,,,,,,,,,,,,,,1.7194244604316546,2.19,PIN,1.7194244604316546,PIN,2.19,1.0382109627252059,,,,,,2021-06-01 22:02:35.162184,tournament
741162,,chris kirk,stewart cink,,,,,,,,,,,,,,2.05,1.8130081300813008,PIN,2.05,PIN,1.8130081300813008,1.039374384775238,,,,,,2021-06-01 22:02:35.162184,tournament
741163,,harry higgs,padraig harrington,,,,,,,,,,,,,,1.78125,2.1,PIN,1.78125,PIN,2.1,1.037593984962406,,,,,,2021-06-01 22:02:35.162184,tournament
741164,,brendan steele,lanto griffin,,,,,,,,,,,,,,2.04,1.819672131147541,PIN,2.04,PIN,1.819672131147541,1.039745627980922,,,,,,2021-06-01 22:02:35.162184,tournament
741165,,max homa,brendon todd,,,,,,,,,,,,,,2.15,1.7407407407407407,PIN,2.15,PIN,1.7407407407407407,1.0395843641761504,,,,,,2021-06-01 22:02:35.162184,tournament
741166,,bubba watson,jason day,,,,,,,,,,,,,,1.99009900990099,1.8620689655172413,PIN,1.99009900990099,PIN,1.8620689655172413,1.039524599226092,,,,,,2021-06-01 22:02:35.162184,tournament
741167,,charl schwartzel,matt jones,,,,,,,,,,,,,,2.1399999999999997,1.7518796992481203,PIN,2.1399999999999997,PIN,1.7518796992481203,1.038105170269945,,,,,,2021-06-01 22:02:35.162184,tournament
741168,,christiaan bezuidenhout,jason day,,,,,,,,,,,,,,1.8695652173913042,1.9803921568627452,PIN,1.8695652173913042,PIN,1.9803921568627452,1.0398342159797376,,,,,,2021-06-01 22:02:35.162184,tournament
741169,,bubba watson,christiaan bezuidenhout,,,,,,,,,,,,,,2.02,1.847457627118644,PIN,2.02,PIN,1.847457627118644,1.03633390862022,,,,,,2021-06-01 22:02:35.162184,tournament
741170,,patton kizzire,matt wallace,,,,,,,,,,,,,,2.21,1.704225352112676,PIN,2.21,PIN,1.704225352112676,1.0392655472869377,,,,,,2021-06-01 22:02:35.162184,tournament
741171,,rickie fowler,keegan bradley,,,,,,,,,,,,,,2.29,1.6622516556291391,PIN,2.29,PIN,1.6622516556291391,1.0382748482054316,,,,,,2021-06-01 22:02:35.162184,tournament
741172,,emiliano grillo,marc leishman,,,,,,,,,,,,,,1.6849315068493151,2.25,PIN,1.6849315068493151,PIN,2.25,1.037940379403794,,,,,,2021-06-01 22:02:35.162184,tournament
741173,,rickie fowler,sungjae im,,,,,,,,,,,,,,2.25,1.6849315068493151,PIN,2.25,PIN,1.6849315068493151,1.037940379403794,,,,,,2021-06-01 22:02:35.162184,tournament
741174,,sungjae im,keegan bradley,,,,,,,,,,,,,,2.05,1.8130081300813008,PIN,2.05,PIN,1.8130081300813008,1.039374384775238,,,,,,2021-06-01 22:02:35.162184,tournament
741175,,aaron wise,si woo kim,,,,,,,,,,,,,,2.1399999999999997,1.7518796992481203,PIN,2.1399999999999997,PIN,1.7518796992481203,1.038105170269945,,,,,,2021-06-01 22:02:35.162184,tournament
741176,,kyoung-hoon lee,cameron davis,,,,,,,,,,,,,,1.925925925925926,1.925925925925926,PIN,1.925925925925926,PIN,1.925925925925926,1.0384615384615383,,,,,,2021-06-01 22:02:35.162184,tournament
741177,,bo hoag,hudson swafford,,,,,,,,,,,,,,1.5154639175257731,2.44,PIN,1.5154639175257731,PIN,2.44,1.0697000111520019,,,,,,2021-06-01 22:02:35.162184,tournament
741178,,sahith theegala,brandon hagy,,,,,,,,,,,,,,1.8333333333333335,1.900900900900901,PIN,1.8333333333333335,PIN,1.900900900900901,1.0715208961654459,,,,,,2021-06-01 22:02:35.162184,tournament
741179,,j.b. holmes,jamie lovemark,,,,,,,,,,,,,,2.29,1.5780346820809248,PIN,2.29,PIN,1.5780346820809248,1.0703808564070574,,,,,,2021-06-01 22:02:35.162184,tournament
741180,,sung kang,tyler mccumber,,,,,,,,,,,,,,2.51,1.4901960784313726,PIN,2.51,PIN,1.4901960784313726,1.0694590060809395,,,,,,2021-06-01 22:02:35.162184,tournament
741181,,tyler duncan,vaughn taylor,,,,,,,,,,,,,,1.7936507936507935,1.9523809523809523,PIN,1.7936507936507935,PIN,1.9523809523809523,1.069717245845025,,,,,,2021-06-01 22:02:35.162184,tournament
741182,,vijay singh,jim herman,,,,,,,,,,,,,,3.12,1.334448160535117,PIN,3.12,PIN,1.334448160535117,1.0698862540967804,,,,,,2021-06-01 22:02:35.162184,tournament
741183,,robby shelton,haotong li,,,,,,,,,,,,,,1.4081632653061225,2.7800000000000002,PIN,1.4081632653061225,PIN,2.7800000000000002,1.0698571577520593,,,,,,2021-06-01 22:02:35.162184,tournament
741184,,brian gay,k.j. choi,,,,,,,,,,,,,,2.08,1.6993006993006992,PIN,2.08,PIN,1.6993006993006992,1.069246597024375,,,,,,2021-06-01 22:02:35.162184,tournament
741185,,david lingmerth,peter malnati,,,,,,,,,,,,,,2.66,1.4424778761061947,PIN,2.66,PIN,1.4424778761061947,1.0691913833663915,,,,,,2021-06-01 22:02:35.162184,tournament
741186,,nick taylor,jason dufner,,,,,,,,,,,,,,1.7692307692307692,1.9803921568627452,PIN,1.7692307692307692,PIN,1.9803921568627452,1.0701678863538528,,,,,,2021-06-01 22:02:35.162184,tournament
741187,,branden grace,doug ghim,,,,,,,,,,,,,,2.1100000000000003,1.6802721088435373,PIN,2.1100000000000003,PIN,1.6802721088435373,1.0690753496939578,,,,,,2021-06-01 22:02:35.162184,tournament
741188,,tyler strafaci,william mcgirt,,,,,,,,,,,,,,5.0,1.1490312965722802,PIN,5.0,PIN,1.1490312965722802,1.0702983138780804,,,,,,2021-06-01 22:02:35.162184,tournament
741189,,chase johnson,xinjun zhang,,,,,,,,,,,,,,2.4699999999999998,1.5050505050505052,PIN,2.4699999999999998,PIN,1.5050505050505052,1.069287829796484,,,,,,2021-06-01 22:02:35.162184,tournament
741190,,stephen ames,glen day,,,,,,,,,,,,,,1.7751937984496124,2.0700000000000003,PIN,1.7751937984496124,PIN,2.0700000000000003,1.0464105647321897,,,,,,2021-06-01 22:02:35.162184,tournament
741191,,rod pampling,doug barron,,,,,,,,,,,,,,2.12,1.7407407407407407,PIN,2.12,PIN,1.7407407407407407,1.04616619831393,,,,,,2021-06-01 22:02:35.162184,tournament
741192,,kenny perry,woody austin,,,,,,,,,,,,,,2.23,1.6666666666666665,PIN,2.23,PIN,1.6666666666666665,1.0484304932735427,,,,,,2021-06-01 22:02:35.162184,tournament
741193,,mike weir,ernie els,,,,,,,,,,,,,,1.9090909090909092,1.9090909090909092,PIN,1.9090909090909092,PIN,1.9090909090909092,1.0476190476190477,,,,,,2021-06-01 22:02:35.162184,tournament
741194,,dicky pride,scott parel,,,,,,,,,,,,,,2.19,1.6896551724137931,PIN,2.19,PIN,1.6896551724137931,1.0484577392600876,,,,,,2021-06-01 22:02:35.162184,tournament
741195,,m-a jimenez,fred couples,,,,,,,,,,,,,,1.99009900990099,1.8333333333333335,PIN,1.99009900990099,PIN,1.8333333333333335,1.0479421076436002,,,,,,2021-06-01 22:02:35.162184,tournament
741196,,bernhard langer,jerry kelly,,,,,,,,,,,,,,1.9090909090909092,1.9090909090909092,PIN,1.9090909090909092,PIN,1.9090909090909092,1.0476190476190477,,,,,,2021-06-01 22:02:35.162184,tournament
741197,,gene sauers,darren clarke,,,,,,,,,,,,,,2.27,1.6451612903225805,PIN,2.27,PIN,1.6451612903225805,1.0483717716161354,,,,,,2021-06-01 22:02:35.162184,tournament
741198,,alex cejka,jim furyk,,,,,,,,,,,,,,2.08,1.7692307692307692,PIN,2.08,PIN,1.7692307692307692,1.0459866220735785,,,,,,2021-06-01 22:02:35.162184,tournament
741199,,robert karlsson,retief goosen,,,,,,,,,,,,,,2.15,1.7142857142857144,PIN,2.15,PIN,1.7142857142857144,1.0484496124031006,,,,,,2021-06-01 22:02:35.162184,tournament
741200,,alexander bjork,callum hill,,,,,,,,,,,,,,2.04,1.819672131147541,PIN,2.04,PIN,1.819672131147541,1.039745627980922,,,,,,2021-06-01 22:02:35.162184,tournament
741201,,callum hill,jordan smith,,,,,,,,,,,,,,1.925925925925926,1.925925925925926,PIN,1.925925925925926,PIN,1.925925925925926,1.0384615384615383,,,,,,2021-06-01 22:02:35.162184,tournament
741202,,mike lorenzo vera,victor dubuisson,,,,,,,,,,,,,,1.9803921568627452,1.8771929824561404,PIN,1.9803921568627452,PIN,1.8771929824561404,1.0376607754233367,,,,,,2021-06-01 22:02:35.162184,tournament
741203,,fabrizio zanotti,nicolai hojgaard,,,,,,,,,,,,,,1.8130081300813008,2.06,PIN,1.8130081300813008,PIN,2.06,1.037006399930341,,,,,,2021-06-01 22:02:35.162184,tournament
741204,,aaron rai,adrian otaegui,,,,,,,,,,,,,,1.8403361344537816,2.02,PIN,1.8403361344537816,PIN,2.02,1.0384285003842848,,,,,,2021-06-01 22:02:35.162184,tournament
741205,,daniel van tonder,masahiro kawamura,,,,,,,,,,,,,,2.0300000000000002,1.8333333333333335,PIN,2.0300000000000002,PIN,1.8333333333333335,1.038065382892969,,,,,,2021-06-01 22:02:35.162184,tournament
741206,,sean crocker,ashun wu,,,,,,,,,,,,,,1.7092198581560285,2.21,PIN,1.7092198581560285,PIN,2.21,1.0375509284467057,,,,,,2021-06-01 22:02:35.162184,tournament
741207,,adri arnaus,jazz janewattananond,,,,,,,,,,,,,,1.9345794392523366,1.9174311926605505,PIN,1.9345794392523366,PIN,1.9174311926605505,1.0384393130388552,,,,,,2021-06-01 22:02:35.162184,tournament
741208,,ross fisher,pablo larrazabal,,,,,,,,,,,,,,1.9803921568627452,1.8695652173913042,PIN,1.9803921568627452,PIN,1.8695652173913042,1.0398342159797376,,,,,,2021-06-01 22:02:35.162184,tournament
741209,,joachim b hansen,kalle samooja,,,,,,,,,,,,,,2.06,1.8064516129032258,PIN,2.06,PIN,1.8064516129032258,1.039008321775312,,,,,,2021-06-01 22:02:35.162184,tournament
741210,,henrik stenson,adrian meronk,,,,,,,,,,,,,,2.2800000000000002,1.6666666666666665,PIN,2.2800000000000002,PIN,1.6666666666666665,1.0385964912280703,,,,,,2021-06-01 22:02:35.162184,tournament
741211,,thomas detry,ryan fox,,,,,,,,,,,,,,1.9523809523809523,1.900900900900901,PIN,1.9523809523809523,PIN,1.900900900900901,1.03826147266212,,,,,,2021-06-01 22:02:35.162184,tournament
741212,,kurt kitayama,justin harding,,,,,,,,,,,,,,1.8333333333333335,2.0300000000000002,PIN,1.8333333333333335,PIN,2.0300000000000002,1.038065382892969,,,,,,2021-06-01 22:02:35.162184,tournament
741213,,jason scrivener,laurie canter,,,,,,,,,,,,,,2.02,1.8403361344537816,PIN,2.02,PIN,1.8403361344537816,1.0384285003842848,,,,,,2021-06-01 22:02:35.162184,tournament
741214,,thorbjorn olesen,joost luiten,,,,,,,,,,,,,,1.9090909090909092,1.9433962264150944,PIN,1.9090909090909092,PIN,1.9433962264150944,1.0383726306056404,,,,,,2021-06-01 22:02:35.162184,tournament
741215,,alexander bjork,jordan smith,,,,,,,,,,,,,,1.970873786407767,1.8849557522123894,PIN,1.970873786407767,PIN,1.8849557522123894,1.037905594486459,,,,,,2021-06-01 22:02:35.162184,tournament
741216,,the field,jordan smith,,,,,,,,,,,,,,1.0090000900009,44.52,PIN,1.0090000900009,PIN,44.52,1.0135420040146361,,,,,,2021-06-01 22:02:35.162184,tournament
741217,,the field,joost luiten,,,,,,,,,,,,,,1.008,47.11,PIN,1.008,PIN,47.11,1.0132904077926366,,,,,,2021-06-01 22:02:35.162184,tournament
741218,,the field,sam horsfield,,,,,,,,,,,,,,1.016,29.63,PIN,1.016,PIN,29.63,1.0180015466342105,,,,,,2021-06-01 22:02:35.162184,tournament
741219,,the field,jason scrivener,,,,,,,,,,,,,,1.0109998900011,39.0,PIN,1.0109998900011,PIN,39.0,1.0147608167410147,,,,,,2021-06-01 22:02:35.162184,tournament
741220,,the field,paul casey,,,,,,,,,,,,,,1.125,6.89,PIN,1.125,PIN,6.89,1.0340267698758265,,,,,,2021-06-01 22:02:35.162184,tournament
741221,,the field,bernd wiesberger,,,,,,,,,,,,,,1.0350017500875044,17.28,PIN,1.0350017500875044,PIN,17.28,1.024052311526948,,,,,,2021-06-01 22:02:35.162184,tournament
741222,,the field,callum hill,,,,,,,,,,,,,,1.008,47.11,PIN,1.008,PIN,47.11,1.0132904077926366,,,,,,2021-06-01 22:02:35.162184,tournament
741223,,the field,laurie canter,,,,,,,,,,,,,,1.02,26.11,PIN,1.02,PIN,26.11,1.0186916589692177,,,,,,2021-06-01 22:02:35.162184,tournament
741224,,the field,abraham ancer,,,,,,,,,,,,,,1.066006600660066,10.95,PIN,1.066006600660066,PIN,10.95,1.0294046962692793,,,,,,2021-06-01 22:02:35.162184,tournament
741225,,the field,thorbjorn olesen,,,,,,,,,,,,,,1.01,41.82,PIN,1.01,PIN,41.82,1.0140110137269107,,,,,,2021-06-01 22:02:35.162184,tournament
741226,,the field,martin kaymer,,,,,,,,,,,,,,1.0139997200056,32.93,PIN,1.0139997200056,PIN,32.93,1.0165610122996331,,,,,,2021-06-01 22:02:35.162184,tournament
741227,,the field,matthias schwab,,,,,,,,,,,,,,1.0309981401115933,19.02,PIN,1.0309981401115933,PIN,19.02,1.0225100900213908,,,,,,2021-06-01 22:02:35.162184,tournament
741228,,rafael cabrera bello,camillo villegas,,,,,,,,,,,,,,1.9615384615384617,1.7874015748031495,PIN,1.9615384615384617,PIN,1.7874015748031495,1.069275287207394,,,,,,2021-06-01 22:02:35.162184,tournament
741229,,matthew fitzpatrick,the field,,,,,,,,,,,,,,33.57,1.0130005200208008,PIN,33.57,PIN,1.0130005200208008,1.016954826073686,,,,,,2021-06-01 22:02:35.162184,tournament
741230,,hideki matsuyama,the field,,,,,,,,,,,,,,17.53,1.0179985601151909,PIN,17.53,PIN,1.0179985601151909,1.0393647261393077,,,,,,2021-06-01 22:02:35.162184,tournament
741231,,xander schauffele,the field,,,,,,,,,,,,,,18.16,1.033003300330033,PIN,18.16,PIN,1.033003300330033,1.023117197506017,,,,,,2021-06-01 22:02:35.162184,tournament
741232,,viktor hovland,the field,,,,,,,,,,,,,,15.91,1.04,PIN,15.91,PIN,1.04,1.0243920127641057,,,,,,2021-06-01 22:02:35.162184,tournament
741233,,jordan spieth,the field,,,,,,,,,,,,,,17.05,1.0359971202303815,PIN,17.05,PIN,1.0359971202303815,1.0239046747598834,,,,,,2021-06-01 22:02:35.162184,tournament
741234,,justin thomas,the field,,,,,,,,,,,,,,15.45,1.0410004100041,PIN,15.45,PIN,1.0410004100041,1.0253393342179158,,,,,,2021-06-01 22:02:35.162184,tournament
741235,,tony finau,the field,,,,,,,,,,,,,,22.7,1.0239980801535877,PIN,22.7,PIN,1.0239980801535877,1.0206171943477709,,,,,,2021-06-01 22:02:35.162184,tournament
741236,,jon rahm,the field,,,,,,,,,,,,,,10.13,1.074019245003701,PIN,10.13,PIN,1.074019245003701,1.029798695524685,,,,,,2021-06-01 22:02:35.162184,tournament
741237,,bryson dechambeau,the field,,,,,,,,,,,,,,17.05,1.0359971202303815,PIN,17.05,PIN,1.0359971202303815,1.0239046747598834,,,,,,2021-06-01 22:02:35.162184,tournament
741238,,collin morikawa,the field,,,,,,,,,,,,,,15.45,1.0410004100041,PIN,15.45,PIN,1.0410004100041,1.0253393342179158,,,,,,2021-06-01 22:02:35.162184,tournament
741239,,rory mcilroy,the field,,,,,,,,,,,,,,17.05,1.0359971202303815,PIN,17.05,PIN,1.0359971202303815,1.0239046747598834,,,,,,2021-06-01 22:02:35.162184,tournament
741240,,patrick cantlay,the field,,,,,,,,,,,,,,19.45,1.03000300030003,PIN,19.45,PIN,1.03000300030003,1.0222848400935425,,,,,,2021-06-01 22:02:35.162184,tournament
741241,,patrick cantlay,tony finau,,,,,,,,,,,,,,1.8771929824561404,1.9803921568627452,PIN,1.8771929824561404,PIN,1.9803921568627452,1.0376607754233367,,,,,,2021-06-01 22:02:35.162184,tournament
741242,,xander schauffele,hideki matsuyama,,,,,,,,,,,,,,1.7575757575757576,2.13,PIN,1.7575757575757576,PIN,2.13,1.0384490853164967,,,,,,2021-06-01 22:02:35.162184,tournament
741243,,hideki matsuyama,tony finau,,,,,,,,,,,,,,2.06,1.8064516129032258,PIN,2.06,PIN,1.8064516129032258,1.039008321775312,,,,,,2021-06-01 22:02:35.162184,tournament
741244,,xander schauffele,tony finau,,,,,,,,,,,,,,1.78125,2.1,PIN,1.78125,PIN,2.1,1.037593984962406,,,,,,2021-06-01 22:02:35.162184,tournament
741245,,collin morikawa,hideki matsuyama,,,,,,,,,,,,,,1.7142857142857144,2.2,PIN,1.7142857142857144,PIN,2.2,1.0378787878787878,,,,,,2021-06-01 22:02:35.162184,tournament
741246,,collin morikawa,patrick cantlay,,,,,,,,,,,,,,1.8130081300813008,2.05,PIN,1.8130081300813008,PIN,2.05,1.039374384775238,,,,,,2021-06-01 22:02:35.162184,tournament
741247,,justin thomas,viktor hovland,,,,,,,,,,,,,,1.970873786407767,1.8849557522123894,PIN,1.970873786407767,PIN,1.8849557522123894,1.037905594486459,,,,,,2021-06-01 22:02:35.162184,tournament
741248,,collin morikawa,tony finau,,,,,,,,,,,,,,1.7936507936507935,2.08,PIN,1.7936507936507935,PIN,2.08,1.0382913546630361,,,,,,2021-06-01 22:02:35.162184,tournament
741249,,bryson dechambeau,viktor hovland,,,,,,,,,,,,,,2.05,1.8130081300813008,PIN,2.05,PIN,1.8130081300813008,1.039374384775238,,,,,,2021-06-01 22:02:35.162184,tournament
741250,,jon rahm,bryson dechambeau,,,,,,,,,,,,,,1.6993006993006992,2.2199999999999998,PIN,1.6993006993006992,PIN,2.2199999999999998,1.0389278167055946,,,,,,2021-06-01 22:02:35.162184,tournament
741251,,rory mcilroy,viktor hovland,,,,,,,,,,,,,,2.13,1.7575757575757576,PIN,2.13,PIN,1.7575757575757576,1.0384490853164967,,,,,,2021-06-01 22:02:35.162184,tournament
741252,,rory mcilroy,justin thomas,,,,,,,,,,,,,,2.0300000000000002,1.8333333333333335,PIN,2.0300000000000002,PIN,1.8333333333333335,1.038065382892969,,,,,,2021-06-01 22:02:35.162184,tournament
741253,,jon rahm,justin thomas,,,,,,,,,,,,,,1.7936507936507935,2.08,PIN,1.7936507936507935,PIN,2.08,1.0382913546630361,,,,,,2021-06-01 22:02:35.162184,tournament
741254,,jon rahm,viktor hovland,,,,,,,,,,,,,,1.7352941176470589,2.16,PIN,1.7352941176470589,PIN,2.16,1.039234149403641,,,,,,2021-06-01 22:02:35.162184,tournament
741255,,jordan spieth,rory mcilroy,,,,,,,,,,,,,,1.7407407407407407,2.16,PIN,1.7407407407407407,PIN,2.16,1.037431048069346,,,,,,2021-06-01 22:02:35.162184,tournament
741256,,jordan spieth,viktor hovland,,,,,,,,,,,,,,1.9090909090909092,1.9433962264150944,PIN,1.9090909090909092,PIN,1.9433962264150944,1.0383726306056404,,,,,,2021-06-01 22:02:35.162184,tournament
741257,,jordan spieth,bryson dechambeau,,,,,,,,,,,,,,1.819672131147541,2.04,PIN,1.819672131147541,PIN,2.04,1.039745627980922,,,,,,2021-06-01 22:02:35.162184,tournament
741258,,jordan spieth,justin thomas,,,,,,,,,,,,,,1.9523809523809523,1.900900900900901,PIN,1.9523809523809523,PIN,1.900900900900901,1.03826147266212,,,,,,2021-06-01 22:02:35.162184,tournament
741259,,marc leishman,adam scott,,,,,,,,,,,,,,2.0,1.8620689655172413,PIN,2.0,PIN,1.8620689655172413,1.0370370370370372,,,,,,2021-06-01 22:02:35.162184,tournament
741260,,billy horschel,kevin streelman,,,,,,,,,,,,,,1.970873786407767,1.8849557522123894,PIN,1.970873786407767,PIN,1.8849557522123894,1.037905594486459,,,,,,2021-06-01 22:02:35.162184,tournament
741261,,max homa,matt kuchar,,,,,,,,,,,,,,2.05,1.819672131147541,PIN,2.05,PIN,1.819672131147541,1.03735442759833,,,,,,2021-06-01 22:02:35.162184,tournament
741262,,scottie scheffler,sam burns,,,,,,,,,,,,,,1.6578947368421053,2.29,PIN,1.6578947368421053,PIN,2.29,1.0398558258820267,,,,,,2021-06-01 22:02:35.162184,tournament
741263,,corey conners,louis oosthuizen,,,,,,,,,,,,,,1.7407407407407407,2.16,PIN,1.7407407407407407,PIN,2.16,1.037431048069346,,,,,,2021-06-01 22:02:35.162184,tournament
741264,,corey conners,patrick reed,,,,,,,,,,,,,,1.8547008547008548,2.01,PIN,1.8547008547008548,PIN,2.01,1.0366829447233878,,,,,,2021-06-01 22:02:35.162184,tournament
741265,,gary woodland,kevin streelman,,,,,,,,,,,,,,2.17,1.72992700729927,PIN,2.17,PIN,1.72992700729927,1.0388885648175155,,,,,,2021-06-01 22:02:35.162184,tournament
741266,,charley hoffman,joaquin niemann,,,,,,,,,,,,,,2.08,1.7936507936507935,PIN,2.08,PIN,1.7936507936507935,1.0382913546630361,,,,,,2021-06-01 22:02:35.162184,tournament
741267,,billy horschel,gary woodland,,,,,,,,,,,,,,1.7407407407407407,2.16,PIN,1.7407407407407407,PIN,2.16,1.037431048069346,,,,,,2021-06-01 22:02:35.162184,tournament
741268,,shane lowry,joaquin niemann,,,,,,,,,,,,,,2.2800000000000002,1.6666666666666665,PIN,2.2800000000000002,PIN,1.6666666666666665,1.0385964912280703,,,,,,2021-06-01 22:02:35.162184,tournament
741269,,shane lowry,charley hoffman,,,,,,,,,,,,,,2.1399999999999997,1.7518796992481203,PIN,2.1399999999999997,PIN,1.7518796992481203,1.038105170269945,,,,,,2021-06-01 22:02:35.162184,tournament
741270,,sam burns,cameron smith,,,,,,,,,,,,,,2.09,1.7874015748031495,PIN,2.09,PIN,1.7874015748031495,1.0379402651602976,,,,,,2021-06-01 22:02:35.162184,tournament
741271,,scottie scheffler,cameron smith,,,,,,,,,,,,,,1.7142857142857144,2.2,PIN,1.7142857142857144,PIN,2.2,1.0378787878787878,,,,,,2021-06-01 22:02:35.162184,tournament
741272,,patrick reed,louis oosthuizen,,,,,,,,,,,,,,1.7633587786259541,2.13,PIN,1.7633587786259541,PIN,2.13,1.0365831351746846,,,,,,2021-06-01 22:02:35.162184,tournament
741273,,hideki matsuyama,matthew fitzpatrick,,,,,,,,,,,,,,2.0,1.8620689655172413,PIN,2.0,PIN,1.8620689655172413,1.0370370370370372,,,,,,2021-06-01 22:02:35.162184,tournament
741274,,xander schauffele,matthew fitzpatrick,,,,,,,,,,,,,,1.7462686567164178,2.15,PIN,1.7462686567164178,PIN,2.15,1.0377658517193402,,,,,,2021-06-01 22:02:35.162184,tournament
741275,,tony finau,matthew fitzpatrick,,,,,,,,,,,,,,1.8,2.0700000000000003,PIN,1.8,PIN,2.0700000000000003,1.038647342995169,,,,,,2021-06-01 22:02:35.162184,tournament
741276,,patrick cantlay,matthew fitzpatrick,,,,,,,,,,,,,,1.8547008547008548,2.0,PIN,1.8547008547008548,PIN,2.0,1.0391705069124424,,,,,,2021-06-01 22:02:35.162184,tournament
741277,,collin morikawa,matthew fitzpatrick,,,,,,,,,,,,,,1.7462686567164178,2.15,PIN,1.7462686567164178,PIN,2.15,1.0377658517193402,,,,,,2021-06-01 22:02:35.162184,tournament
741278,,c t pan,adam hadwin,,,,,,,,,,,,,,2.0700000000000003,1.8,PIN,2.0700000000000003,PIN,1.8,1.038647342995169,,,,,,2021-06-01 22:02:35.162184,tournament
741279,,antoine rozner,tom hoge,,,,,,,,,,,,,,1.9433962264150944,1.9090909090909092,PIN,1.9433962264150944,PIN,1.9090909090909092,1.0383726306056404,,,,,,2021-06-01 22:02:35.162184,tournament
741280,,mark hubbard,robert streb,,,,,,,,,,,,,,1.8849557522123894,1.970873786407767,PIN,1.8849557522123894,PIN,1.970873786407767,1.037905594486459,,,,,,2021-06-01 22:02:35.162184,tournament
741281,,lucas herbert,takumi kanaya,,,,,,,,,,,,,,1.99009900990099,1.8695652173913042,PIN,1.99009900990099,PIN,1.8695652173913042,1.0373712831192874,,,,,,2021-06-01 22:02:35.162184,tournament
741282,,carlos ortiz,charles howell iii,,,,,,,,,,,,,,1.7751937984496124,2.1100000000000003,PIN,1.7751937984496124,PIN,2.1100000000000003,1.0372524265816758,,,,,,2021-06-01 22:02:35.162184,tournament
741283,,doc redman,mackenzie hughes,,,,,,,,,,,,,,1.9615384615384617,1.8849557522123894,PIN,1.9615384615384617,PIN,1.8849557522123894,1.04032035349351,,,,,,2021-06-01 22:02:35.162184,tournament
741284,,danny lee,dylan frittelli,,,,,,,,,,,,,,1.970873786407767,1.8849557522123894,PIN,1.970873786407767,PIN,1.8849557522123894,1.037905594486459,,,,,,2021-06-01 22:02:35.162184,tournament
741285,,brendon todd,matt kuchar,,,,,,,,,,,,,,1.8620689655172413,2.0,PIN,1.8620689655172413,PIN,2.0,1.0370370370370372,,,,,,2021-06-01 22:02:35.162184,tournament
741286,,cameron champ,sepp straka,,,,,,,,,,,,,,2.19,1.7194244604316546,PIN,2.19,PIN,1.7194244604316546,1.0382109627252059,,,,,,2021-06-01 22:02:35.162184,tournament
741287,,henrik norlander,denny mccarthy,,,,,,,,,,,,,,2.0,1.8547008547008548,PIN,2.0,PIN,1.8547008547008548,1.0391705069124424,,,,,,2021-06-01 22:02:35.162184,tournament
741288,,kevin na,sebastian munoz,,,,,,,,,,,,,,1.8928571428571428,1.9615384615384617,PIN,1.8928571428571428,PIN,1.9615384615384617,1.0381058083610801,,,,,,2021-06-01 22:02:35.162184,tournament
741289,,martin laird,matthew nesmith,,,,,,,,,,,,,,1.9803921568627452,1.8771929824561404,PIN,1.9803921568627452,PIN,1.8771929824561404,1.0376607754233367,,,,,,2021-06-01 22:02:35.162184,tournament
741290,,victor perez,michael thompson,,,,,,,,,,,,,,2.02,1.8403361344537816,PIN,2.02,PIN,1.8403361344537816,1.0384285003842848,,,,,,2021-06-01 22:02:35.162184,tournament
741291,,cameron tringale,patton kizzire,,,,,,,,,,,,,,1.617283950617284,2.38,PIN,1.617283950617284,PIN,2.38,1.0384886779139135,,,,,,2021-06-01 22:02:35.162184,tournament
741292,,james hahn,byeong hun an,,,,,,,,,,,,,,1.8771929824561404,1.9803921568627452,PIN,1.8771929824561404,PIN,1.9803921568627452,1.0376607754233367,,,,,,2021-06-01 22:02:35.162184,tournament
741293,,matt wallace,cameron tringale,,,,,,,,,,,,,,2.09,1.7874015748031495,PIN,2.09,PIN,1.7874015748031495,1.0379402651602976,,,,,,2021-06-01 22:02:35.162184,tournament
741294,,richy werenski,danny willett,,,,,,,,,,,,,,1.8333333333333335,2.0300000000000002,PIN,1.8333333333333335,PIN,2.0300000000000002,1.038065382892969,,,,,,2021-06-01 22:02:35.162184,tournament
741295,,talor gooch,alex noren,,,,,,,,,,,,,,1.7462686567164178,2.1399999999999997,PIN,1.7462686567164178,PIN,2.1399999999999997,1.039939292275741,,,,,,2021-06-01 22:02:35.162184,tournament
741296,,troy merritt,harold varner iii,,,,,,,,,,,,,,2.0300000000000002,1.8333333333333335,PIN,2.0300000000000002,PIN,1.8333333333333335,1.038065382892969,,,,,,2021-06-01 22:02:35.162184,tournament
741297,,matt jones,russell henley,,,,,,,,,,,,,,2.0300000000000002,1.8333333333333335,PIN,2.0300000000000002,PIN,1.8333333333333335,1.038065382892969,,,,,,2021-06-01 22:02:35.162184,tournament
741298,,adam scott,emiliano grillo,,,,,,,,,,,,,,2.21,1.704225352112676,PIN,2.21,PIN,1.704225352112676,1.0392655472869377,,,,,,2021-06-01 22:02:35.162184,tournament
741299,,adam long,j.t. poston,,,,,,,,,,,,,,1.9345794392523366,1.9174311926605505,PIN,1.9345794392523366,PIN,1.9174311926605505,1.0384393130388552,,,,,,2021-06-01 22:02:35.162184,tournament
741300,,joel dahmen,luke list,,,,,,,,,,,,,,1.7936507936507935,2.08,PIN,1.7936507936507935,PIN,2.08,1.0382913546630361,,,,,,2021-06-01 22:02:35.162184,tournament
741301,,charl schwartzel,russell henley,,,,,,,,,,,,,,2.19,1.7194244604316546,PIN,2.19,PIN,1.7194244604316546,1.0382109627252059,,,,,,2021-06-01 22:02:35.162184,tournament
741302,,stewart cink,chris kirk,,,,,,,,,,,,,,1.8130081300813008,2.05,PIN,1.8130081300813008,PIN,2.05,1.039374384775238,,,,,,2021-06-01 22:02:35.162184,tournament
741303,,padraig harrington,harry higgs,,,,,,,,,,,,,,2.1,1.78125,PIN,2.1,PIN,1.78125,1.037593984962406,,,,,,2021-06-01 22:02:35.162184,tournament
741304,,lanto griffin,brendan steele,,,,,,,,,,,,,,1.819672131147541,2.04,PIN,1.819672131147541,PIN,2.04,1.039745627980922,,,,,,2021-06-01 22:02:35.162184,tournament
741305,,brendon todd,max homa,,,,,,,,,,,,,,1.7407407407407407,2.15,PIN,1.7407407407407407,PIN,2.15,1.0395843641761504,,,,,,2021-06-01 22:02:35.162184,tournament
741306,,jason day,bubba watson,,,,,,,,,,,,,,1.8620689655172413,1.99009900990099,PIN,1.8620689655172413,PIN,1.99009900990099,1.039524599226092,,,,,,2021-06-01 22:02:35.162184,tournament
741307,,matt jones,charl schwartzel,,,,,,,,,,,,,,1.7518796992481203,2.1399999999999997,PIN,1.7518796992481203,PIN,2.1399999999999997,1.038105170269945,,,,,,2021-06-01 22:02:35.162184,tournament
741308,,jason day,christiaan bezuidenhout,,,,,,,,,,,,,,1.9803921568627452,1.8695652173913042,PIN,1.9803921568627452,PIN,1.8695652173913042,1.0398342159797376,,,,,,2021-06-01 22:02:35.162184,tournament
741309,,christiaan bezuidenhout,bubba watson,,,,,,,,,,,,,,1.847457627118644,2.02,PIN,1.847457627118644,PIN,2.02,1.03633390862022,,,,,,2021-06-01 22:02:35.162184,tournament
741310,,matt wallace,patton kizzire,,,,,,,,,,,,,,1.704225352112676,2.21,PIN,1.704225352112676,PIN,2.21,1.0392655472869377,,,,,,2021-06-01 22:02:35.162184,tournament
741311,,keegan bradley,rickie fowler,,,,,,,,,,,,,,1.6622516556291391,2.29,PIN,1.6622516556291391,PIN,2.29,1.0382748482054316,,,,,,2021-06-01 22:02:35.162184,tournament
741312,,marc leishman,emiliano grillo,,,,,,,,,,,,,,2.25,1.6849315068493151,PIN,2.25,PIN,1.6849315068493151,1.037940379403794,,,,,,2021-06-01 22:02:35.162184,tournament
741313,,sungjae im,rickie fowler,,,,,,,,,,,,,,1.6849315068493151,2.25,PIN,1.6849315068493151,PIN,2.25,1.037940379403794,,,,,,2021-06-01 22:02:35.162184,tournament
741314,,keegan bradley,sungjae im,,,,,,,,,,,,,,1.8130081300813008,2.05,PIN,1.8130081300813008,PIN,2.05,1.039374384775238,,,,,,2021-06-01 22:02:35.162184,tournament
741315,,si woo kim,aaron wise,,,,,,,,,,,,,,1.7518796992481203,2.1399999999999997,PIN,1.7518796992481203,PIN,2.1399999999999997,1.038105170269945,,,,,,2021-06-01 22:02:35.162184,tournament
741316,,cameron davis,kyoung-hoon lee,,,,,,,,,,,,,,1.925925925925926,1.925925925925926,PIN,1.925925925925926,PIN,1.925925925925926,1.0384615384615383,,,,,,2021-06-01 22:02:35.162184,tournament
741317,,hudson swafford,bo hoag,,,,,,,,,,,,,,2.44,1.5154639175257731,PIN,2.44,PIN,1.5154639175257731,1.0697000111520019,,,,,,2021-06-01 22:02:35.162184,tournament
741318,,brandon hagy,sahith theegala,,,,,,,,,,,,,,1.900900900900901,1.8333333333333335,PIN,1.900900900900901,PIN,1.8333333333333335,1.0715208961654459,,,,,,2021-06-01 22:02:35.162184,tournament
741319,,jamie lovemark,j.b. holmes,,,,,,,,,,,,,,1.5780346820809248,2.29,PIN,1.5780346820809248,PIN,2.29,1.0703808564070574,,,,,,2021-06-01 22:02:35.162184,tournament
741320,,tyler mccumber,sung kang,,,,,,,,,,,,,,1.4901960784313726,2.51,PIN,1.4901960784313726,PIN,2.51,1.0694590060809395,,,,,,2021-06-01 22:02:35.162184,tournament
741321,,vaughn taylor,tyler duncan,,,,,,,,,,,,,,1.9523809523809523,1.7936507936507935,PIN,1.9523809523809523,PIN,1.7936507936507935,1.069717245845025,,,,,,2021-06-01 22:02:35.162184,tournament
741322,,jim herman,vijay singh,,,,,,,,,,,,,,1.334448160535117,3.12,PIN,1.334448160535117,PIN,3.12,1.0698862540967804,,,,,,2021-06-01 22:02:35.162184,tournament
741323,,haotong li,robby shelton,,,,,,,,,,,,,,2.7800000000000002,1.4081632653061225,PIN,2.7800000000000002,PIN,1.4081632653061225,1.0698571577520593,,,,,,2021-06-01 22:02:35.162184,tournament
741324,,k.j. choi,brian gay,,,,,,,,,,,,,,1.6993006993006992,2.08,PIN,1.6993006993006992,PIN,2.08,1.069246597024375,,,,,,2021-06-01 22:02:35.162184,tournament
741325,,peter malnati,david lingmerth,,,,,,,,,,,,,,1.4424778761061947,2.66,PIN,1.4424778761061947,PIN,2.66,1.0691913833663915,,,,,,2021-06-01 22:02:35.162184,tournament
741326,,jason dufner,nick taylor,,,,,,,,,,,,,,1.9803921568627452,1.7692307692307692,PIN,1.9803921568627452,PIN,1.7692307692307692,1.0701678863538528,,,,,,2021-06-01 22:02:35.162184,tournament
741327,,doug ghim,branden grace,,,,,,,,,,,,,,1.6802721088435373,2.1100000000000003,PIN,1.6802721088435373,PIN,2.1100000000000003,1.0690753496939578,,,,,,2021-06-01 22:02:35.162184,tournament
741328,,william mcgirt,tyler strafaci,,,,,,,,,,,,,,1.1490312965722802,5.0,PIN,1.1490312965722802,PIN,5.0,1.0702983138780804,,,,,,2021-06-01 22:02:35.162184,tournament
741329,,xinjun zhang,chase johnson,,,,,,,,,,,,,,1.5050505050505052,2.4699999999999998,PIN,1.5050505050505052,PIN,2.4699999999999998,1.069287829796484,,,,,,2021-06-01 22:02:35.162184,tournament
741330,,glen day,stephen ames,,,,,,,,,,,,,,2.0700000000000003,1.7751937984496124,PIN,2.0700000000000003,PIN,1.7751937984496124,1.0464105647321897,,,,,,2021-06-01 22:02:35.162184,tournament
741331,,doug barron,rod pampling,,,,,,,,,,,,,,1.7407407407407407,2.12,PIN,1.7407407407407407,PIN,2.12,1.04616619831393,,,,,,2021-06-01 22:02:35.162184,tournament
741332,,woody austin,kenny perry,,,,,,,,,,,,,,1.6666666666666665,2.23,PIN,1.6666666666666665,PIN,2.23,1.0484304932735427,,,,,,2021-06-01 22:02:35.162184,tournament
741333,,ernie els,mike weir,,,,,,,,,,,,,,1.9090909090909092,1.9090909090909092,PIN,1.9090909090909092,PIN,1.9090909090909092,1.0476190476190477,,,,,,2021-06-01 22:02:35.162184,tournament
741334,,scott parel,dicky pride,,,,,,,,,,,,,,1.6896551724137931,2.19,PIN,1.6896551724137931,PIN,2.19,1.0484577392600876,,,,,,2021-06-01 22:02:35.162184,tournament
741335,,fred couples,m-a jimenez,,,,,,,,,,,,,,1.8333333333333335,1.99009900990099,PIN,1.8333333333333335,PIN,1.99009900990099,1.0479421076436002,,,,,,2021-06-01 22:02:35.162184,tournament
741336,,jerry kelly,bernhard langer,,,,,,,,,,,,,,1.9090909090909092,1.9090909090909092,PIN,1.9090909090909092,PIN,1.9090909090909092,1.0476190476190477,,,,,,2021-06-01 22:02:35.162184,tournament
741337,,darren clarke,gene sauers,,,,,,,,,,,,,,1.6451612903225805,2.27,PIN,1.6451612903225805,PIN,2.27,1.0483717716161354,,,,,,2021-06-01 22:02:35.162184,tournament
741338,,jim furyk,alex cejka,,,,,,,,,,,,,,1.7692307692307692,2.08,PIN,1.7692307692307692,PIN,2.08,1.0459866220735785,,,,,,2021-06-01 22:02:35.162184,tournament
741339,,retief goosen,robert karlsson,,,,,,,,,,,,,,1.7142857142857144,2.15,PIN,1.7142857142857144,PIN,2.15,1.0484496124031006,,,,,,2021-06-01 22:02:35.162184,tournament
741340,,callum hill,alexander bjork,,,,,,,,,,,,,,1.819672131147541,2.04,PIN,1.819672131147541,PIN,2.04,1.039745627980922,,,,,,2021-06-01 22:02:35.162184,tournament
741341,,jordan smith,callum hill,,,,,,,,,,,,,,1.925925925925926,1.925925925925926,PIN,1.925925925925926,PIN,1.925925925925926,1.0384615384615383,,,,,,2021-06-01 22:02:35.162184,tournament
741342,,victor dubuisson,mike lorenzo vera,,,,,,,,,,,,,,1.8771929824561404,1.9803921568627452,PIN,1.8771929824561404,PIN,1.9803921568627452,1.0376607754233367,,,,,,2021-06-01 22:02:35.162184,tournament
741343,,nicolai hojgaard,fabrizio zanotti,,,,,,,,,,,,,,2.06,1.8130081300813008,PIN,2.06,PIN,1.8130081300813008,1.037006399930341,,,,,,2021-06-01 22:02:35.162184,tournament
741344,,adrian otaegui,aaron rai,,,,,,,,,,,,,,2.02,1.8403361344537816,PIN,2.02,PIN,1.8403361344537816,1.0384285003842848,,,,,,2021-06-01 22:02:35.162184,tournament
741345,,masahiro kawamura,daniel van tonder,,,,,,,,,,,,,,1.8333333333333335,2.0300000000000002,PIN,1.8333333333333335,PIN,2.0300000000000002,1.038065382892969,,,,,,2021-06-01 22:02:35.162184,tournament
741346,,ashun wu,sean crocker,,,,,,,,,,,,,,2.21,1.7092198581560285,PIN,2.21,PIN,1.7092198581560285,1.0375509284467057,,,,,,2021-06-01 22:02:35.162184,tournament
741347,,jazz janewattananond,adri arnaus,,,,,,,,,,,,,,1.9174311926605505,1.9345794392523366,PIN,1.9174311926605505,PIN,1.9345794392523366,1.0384393130388552,,,,,,2021-06-01 22:02:35.162184,tournament
741348,,pablo larrazabal,ross fisher,,,,,,,,,,,,,,1.8695652173913042,1.9803921568627452,PIN,1.8695652173913042,PIN,1.9803921568627452,1.0398342159797376,,,,,,2021-06-01 22:02:35.162184,tournament
741349,,kalle samooja,joachim b hansen,,,,,,,,,,,,,,1.8064516129032258,2.06,PIN,1.8064516129032258,PIN,2.06,1.039008321775312,,,,,,2021-06-01 22:02:35.162184,tournament
741350,,adrian meronk,henrik stenson,,,,,,,,,,,,,,1.6666666666666665,2.2800000000000002,PIN,1.6666666666666665,PIN,2.2800000000000002,1.0385964912280703,,,,,,2021-06-01 22:02:35.162184,tournament
741351,,ryan fox,thomas detry,,,,,,,,,,,,,,1.900900900900901,1.9523809523809523,PIN,1.900900900900901,PIN,1.9523809523809523,1.03826147266212,,,,,,2021-06-01 22:02:35.162184,tournament
741352,,justin harding,kurt kitayama,,,,,,,,,,,,,,2.0300000000000002,1.8333333333333335,PIN,2.0300000000000002,PIN,1.8333333333333335,1.038065382892969,,,,,,2021-06-01 22:02:35.162184,tournament
741353,,laurie canter,jason scrivener,,,,,,,,,,,,,,1.8403361344537816,2.02,PIN,1.8403361344537816,PIN,2.02,1.0384285003842848,,,,,,2021-06-01 22:02:35.162184,tournament
741354,,joost luiten,thorbjorn olesen,,,,,,,,,,,,,,1.9433962264150944,1.9090909090909092,PIN,1.9433962264150944,PIN,1.9090909090909092,1.0383726306056404,,,,,,2021-06-01 22:02:35.162184,tournament
741355,,jordan smith,alexander bjork,,,,,,,,,,,,,,1.8849557522123894,1.970873786407767,PIN,1.8849557522123894,PIN,1.970873786407767,1.037905594486459,,,,,,2021-06-01 22:02:35.162184,tournament
741356,,jordan smith,the field,,,,,,,,,,,,,,44.52,1.0090000900009,PIN,44.52,PIN,1.0090000900009,1.0135420040146361,,,,,,2021-06-01 22:02:35.162184,tournament
741357,,joost luiten,the field,,,,,,,,,,,,,,47.11,1.008,PIN,47.11,PIN,1.008,1.0132904077926366,,,,,,2021-06-01 22:02:35.162184,tournament
741358,,sam horsfield,the field,,,,,,,,,,,,,,29.63,1.016,PIN,29.63,PIN,1.016,1.0180015466342105,,,,,,2021-06-01 22:02:35.162184,tournament
741359,,jason scrivener,the field,,,,,,,,,,,,,,39.0,1.0109998900011,PIN,39.0,PIN,1.0109998900011,1.0147608167410147,,,,,,2021-06-01 22:02:35.162184,tournament
741360,,paul casey,the field,,,,,,,,,,,,,,6.89,1.125,PIN,6.89,PIN,1.125,1.0340267698758265,,,,,,2021-06-01 22:02:35.162184,tournament
741361,,bernd wiesberger,the field,,,,,,,,,,,,,,17.28,1.0350017500875044,PIN,17.28,PIN,1.0350017500875044,1.024052311526948,,,,,,2021-06-01 22:02:35.162184,tournament
741362,,callum hill,the field,,,,,,,,,,,,,,47.11,1.008,PIN,47.11,PIN,1.008,1.0132904077926366,,,,,,2021-06-01 22:02:35.162184,tournament
741363,,laurie canter,the field,,,,,,,,,,,,,,26.11,1.02,PIN,26.11,PIN,1.02,1.0186916589692177,,,,,,2021-06-01 22:02:35.162184,tournament
741364,,abraham ancer,the field,,,,,,,,,,,,,,10.95,1.066006600660066,PIN,10.95,PIN,1.066006600660066,1.0294046962692793,,,,,,2021-06-01 22:02:35.162184,tournament
741365,,thorbjorn olesen,the field,,,,,,,,,,,,,,41.82,1.01,PIN,41.82,PIN,1.01,1.0140110137269107,,,,,,2021-06-01 22:02:35.162184,tournament
741366,,martin kaymer,the field,,,,,,,,,,,,,,32.93,1.0139997200056,PIN,32.93,PIN,1.0139997200056,1.0165610122996331,,,,,,2021-06-01 22:02:35.162184,tournament
741367,,matthias schwab,the field,,,,,,,,,,,,,,19.02,1.0309981401115933,PIN,19.02,PIN,1.0309981401115933,1.0225100900213908,,,,,,2021-06-01 22:02:35.162184,tournament
